-- Generated by scripts/generate_content_seed.cjs
-- Source: wattwise/Resources/WattWiseContentPack.json
BEGIN;
TRUNCATE TABLE quiz_question_assignments, practice_questions, lesson_progress, lesson_nec_references, lesson_topic_tags, module_topic_tags, lesson_sections, lessons, modules, nec_entry_topic_tags, nec_search_index, nec_entries, topic_tags RESTART IDENTITY CASCADE;
INSERT INTO topic_tags (id, slug, name, description) VALUES ('141787d3-0567-499d-a3c4-58bd743c18b0', 'apprentice', 'Apprentice', 'Auto-generated tag for apprentice.');
INSERT INTO topic_tags (id, slug, name, description) VALUES ('7a7511b9-1131-433d-9238-856f1bde95cb', 'electrical-theory-fundamentals', 'Electrical Theory Fundamentals', 'Auto-generated tag for electrical theory fundamentals.');
INSERT INTO topic_tags (id, slug, name, description) VALUES ('bae3d385-8526-4101-9c66-e17425a86cfb', 'nec', 'Nec', 'Auto-generated tag for nec.');
INSERT INTO topic_tags (id, slug, name, description) VALUES ('c50cca10-5635-40bc-a258-dd1e246752dd', 'voltage-current-resistance-and-ohm-s-law', 'Voltage Current Resistance And Ohm S Law', 'Auto-generated tag for voltage current resistance and ohm s law.');
INSERT INTO topic_tags (id, slug, name, description) VALUES ('be5f7159-e194-405f-bfd3-38f0c5fcca20', 'power-energy-and-basic-circuit-relationships', 'Power Energy And Basic Circuit Relationships', 'Auto-generated tag for power energy and basic circuit relationships.');
INSERT INTO topic_tags (id, slug, name, description) VALUES ('85918dde-744c-4b72-bea3-5cec967310d5', 'basic-safety-osha-and-nfpa-70e', 'Basic Safety Osha And Nfpa 70e', 'Auto-generated tag for basic safety osha and nfpa 70e.');
INSERT INTO topic_tags (id, slug, name, description) VALUES ('eb383fab-1816-45b4-b202-286192329e43', 'electrical-hazard-recognition-and-safe-work-basics', 'Electrical Hazard Recognition And Safe Work Basics', 'Auto-generated tag for electrical hazard recognition and safe work basics.');
INSERT INTO topic_tags (id, slug, name, description) VALUES ('6ce8ee0a-9610-4fb4-91e9-1681ccad8681', 'shock-paths-ppe-and-lockout-mindset', 'Shock Paths Ppe And Lockout Mindset', 'Auto-generated tag for shock paths ppe and lockout mindset.');
INSERT INTO topic_tags (id, slug, name, description) VALUES ('7e1d13fe-1d27-40fb-b6cf-ed7dd4e49c59', 'introduction-to-the-nec', 'Introduction To The Nec', 'Auto-generated tag for introduction to the nec.');
INSERT INTO topic_tags (id, slug, name, description) VALUES ('3cca7c69-1898-4d8a-baef-6d8c4ff30a3b', 'how-the-nec-is-organized', 'How The Nec Is Organized', 'Auto-generated tag for how the nec is organized.');
INSERT INTO topic_tags (id, slug, name, description) VALUES ('2b1fddbb-260f-46a3-9b6f-6a8895e24eac', 'code-lookup-drill-article-100-and-article-110', 'Code Lookup Drill Article 100 And Article 110', 'Auto-generated tag for code lookup drill article 100 and article 110.');
INSERT INTO topic_tags (id, slug, name, description) VALUES ('73aef8fc-4a07-41e8-833b-8b0bc88d15a7', 'wiring-methods-and-materials', 'Wiring Methods And Materials', 'Auto-generated tag for wiring methods and materials.');
INSERT INTO topic_tags (id, slug, name, description) VALUES ('49866d5d-0386-4d00-9290-d1513607103e', 'raceways-cables-and-boxes', 'Raceways Cables And Boxes', 'Auto-generated tag for raceways cables and boxes.');
INSERT INTO topic_tags (id, slug, name, description) VALUES ('3f1add21-0237-41f4-92f8-b4cefd011b4d', 'conductor-sizing-and-table-navigation', 'Conductor Sizing And Table Navigation', 'Auto-generated tag for conductor sizing and table navigation.');
INSERT INTO topic_tags (id, slug, name, description) VALUES ('a9375c94-19bf-4f50-8ae9-f764b329ef73', 'journeyman', 'Journeyman', 'Auto-generated tag for journeyman.');
INSERT INTO topic_tags (id, slug, name, description) VALUES ('5f7716d8-8050-4105-acae-94158c641409', 'advanced-nec-navigation', 'Advanced Nec Navigation', 'Auto-generated tag for advanced nec navigation.');
INSERT INTO topic_tags (id, slug, name, description) VALUES ('d27da815-6e43-4876-acd2-252160b4e075', 'general-rules-vs-special-rules', 'General Rules Vs Special Rules', 'Auto-generated tag for general rules vs special rules.');
INSERT INTO topic_tags (id, slug, name, description) VALUES ('90d26c68-a2bc-47a1-b4b7-50e2ddd9a752', 'timed-code-lookup-strategies', 'Timed Code Lookup Strategies', 'Auto-generated tag for timed code lookup strategies.');
INSERT INTO topic_tags (id, slug, name, description) VALUES ('78fc5e62-54dd-4ee2-a331-22a7863f85b6', 'branch-circuits-and-feeders', 'Branch Circuits And Feeders', 'Auto-generated tag for branch circuits and feeders.');
INSERT INTO topic_tags (id, slug, name, description) VALUES ('e4a6ffcd-586d-4d25-b53e-db3a04c42bf5', 'continuous-loads-and-overcurrent-device-sizing', 'Continuous Loads And Overcurrent Device Sizing', 'Auto-generated tag for continuous loads and overcurrent device sizing.');
INSERT INTO topic_tags (id, slug, name, description) VALUES ('ce5061de-8625-4720-adda-1c4b8b88ddab', 'dwelling-receptacles-and-small-appliance-circuits', 'Dwelling Receptacles And Small Appliance Circuits', 'Auto-generated tag for dwelling receptacles and small appliance circuits.');
INSERT INTO topic_tags (id, slug, name, description) VALUES ('74004ccb-08ba-453e-a960-540b21286211', 'grounding-and-bonding', 'Grounding And Bonding', 'Auto-generated tag for grounding and bonding.');
INSERT INTO topic_tags (id, slug, name, description) VALUES ('c4b9f284-26d0-430b-bca9-ce913ef00b17', 'grounding-vs-bonding-at-services-and-feeders', 'Grounding Vs Bonding At Services And Feeders', 'Auto-generated tag for grounding vs bonding at services and feeders.');
INSERT INTO topic_tags (id, slug, name, description) VALUES ('846f8167-76af-45f2-bc27-2db1132d8c58', 'grounding-electrodes-and-electrode-conductors', 'Grounding Electrodes And Electrode Conductors', 'Auto-generated tag for grounding electrodes and electrode conductors.');
INSERT INTO topic_tags (id, slug, name, description) VALUES ('d89978b9-7e88-48c8-a584-cc2a1c5276da', 'motors-and-controls', 'Motors And Controls', 'Auto-generated tag for motors and controls.');
INSERT INTO topic_tags (id, slug, name, description) VALUES ('c6cf2bb3-8323-4203-947c-b1a891a8fccd', 'motor-circuit-conductors-and-overload-protection', 'Motor Circuit Conductors And Overload Protection', 'Auto-generated tag for motor circuit conductors and overload protection.');
INSERT INTO topic_tags (id, slug, name, description) VALUES ('4f087a41-3e30-4922-8a89-86400ad4442f', 'motor-branch-circuit-short-circuit-and-ground-fault-protection', 'Motor Branch Circuit Short Circuit And Ground Fault Protection', 'Auto-generated tag for motor branch circuit short circuit and ground fault protection.');
INSERT INTO topic_tags (id, slug, name, description) VALUES ('9fc0454a-c601-4c29-b7c1-a1b81ebb7290', 'master', 'Master', 'Auto-generated tag for master.');
INSERT INTO topic_tags (id, slug, name, description) VALUES ('8ab1bc2e-7808-4838-809f-243aec3152f8', 'advanced-system-design', 'Advanced System Design', 'Auto-generated tag for advanced system design.');
INSERT INTO topic_tags (id, slug, name, description) VALUES ('afb5f84b-c365-4283-b9f1-57e3b6fb4ddc', 'service-and-feeder-design-workflow', 'Service And Feeder Design Workflow', 'Auto-generated tag for service and feeder design workflow.');
INSERT INTO topic_tags (id, slug, name, description) VALUES ('b9299f6b-aaf9-41b3-ba4c-46994a128335', 'using-tables-notes-and-exceptions-efficiently', 'Using Tables Notes And Exceptions Efficiently', 'Auto-generated tag for using tables notes and exceptions efficiently.');
INSERT INTO topic_tags (id, slug, name, description) VALUES ('f29932d2-8bf6-46f1-bb37-fda276e960e3', 'complex-load-calculations', 'Complex Load Calculations', 'Auto-generated tag for complex load calculations.');
INSERT INTO topic_tags (id, slug, name, description) VALUES ('02e23c6b-cc10-4bd7-9902-7076c662be0b', 'dwelling-optional-calculation-workflow', 'Dwelling Optional Calculation Workflow', 'Auto-generated tag for dwelling optional calculation workflow.');
INSERT INTO topic_tags (id, slug, name, description) VALUES ('79975fbe-0048-4def-a2dc-2e6b56b746a1', 'commercial-demand-and-feeder-sizing', 'Commercial Demand And Feeder Sizing', 'Auto-generated tag for commercial demand and feeder sizing.');
INSERT INTO topic_tags (id, slug, name, description) VALUES ('65635fa2-cd9e-40b7-b44c-7d0b40beb32e', 'hazardous-locations', 'Hazardous Locations', 'Auto-generated tag for hazardous locations.');
INSERT INTO topic_tags (id, slug, name, description) VALUES ('c8ddeffe-ce4c-47c0-9b3b-1397d380f7a2', 'hazardous-location-classification-fundamentals', 'Hazardous Location Classification Fundamentals', 'Auto-generated tag for hazardous location classification fundamentals.');
INSERT INTO topic_tags (id, slug, name, description) VALUES ('b3961119-049f-4b7a-a987-743cc2ab06f5', 'motors-seals-and-equipment-selection-in-classified-areas', 'Motors Seals And Equipment Selection In Classified Areas', 'Auto-generated tag for motors seals and equipment selection in classified areas.');
INSERT INTO topic_tags (id, slug, name, description) VALUES ('2e6283ef-a07b-4907-9dfa-02a4514416fa', 'code-interpretation-and-compliance', 'Code Interpretation And Compliance', 'Auto-generated tag for code interpretation and compliance.');
INSERT INTO topic_tags (id, slug, name, description) VALUES ('8af6df25-63cb-4d5b-82d3-29b042b619b2', 'reading-90-1-90-3-and-article-100-like-a-master', 'Reading 90 1 90 3 And Article 100 Like A Master', 'Auto-generated tag for reading 90 1 90 3 and article 100 like a master.');
INSERT INTO topic_tags (id, slug, name, description) VALUES ('f261ed2b-430d-476f-8910-605d4d116fa8', 'when-the-nec-is-not-the-whole-answer', 'When The Nec Is Not The Whole Answer', 'Auto-generated tag for when the nec is not the whole answer.');
INSERT INTO topic_tags (id, slug, name, description) VALUES ('1ed89af1-a2e3-4f74-8364-49dafad04c28', 'nec-navigation', 'NEC Navigation', 'Auto-generated tag for nec navigation.');
INSERT INTO topic_tags (id, slug, name, description) VALUES ('c90e9a60-97fb-4b9d-849f-4d0e294c37a8', 'safety', 'Safety', 'Auto-generated tag for safety.');
INSERT INTO topic_tags (id, slug, name, description) VALUES ('a4c82389-32b1-403e-b119-8a65e76598ca', 'branch-circuits', 'Branch Circuits', 'Auto-generated tag for branch circuits.');
INSERT INTO topic_tags (id, slug, name, description) VALUES ('a3f1a3dc-3106-4d7a-b51f-aa5303cdec6b', 'boxes-and-fittings', 'Boxes and Fittings', 'Auto-generated tag for boxes and fittings.');
INSERT INTO topic_tags (id, slug, name, description) VALUES ('3ee41c44-9f81-40ec-9046-40476e59d3e1', 'conductors', 'Conductors', 'Auto-generated tag for conductors.');
INSERT INTO topic_tags (id, slug, name, description) VALUES ('14c36474-c8e2-40b7-9d90-e6c8f8a29c48', 'continuous-load', 'Continuous Load', 'Auto-generated tag for continuous load.');
INSERT INTO topic_tags (id, slug, name, description) VALUES ('95ee5e64-e43e-413d-8ddf-09bcb0103eeb', 'motors', 'Motors', 'Auto-generated tag for motors.');
INSERT INTO topic_tags (id, slug, name, description) VALUES ('7cfc6a21-046d-4d24-908e-47a55816cbcf', 'load-calculations', 'Load Calculations', 'Auto-generated tag for load calculations.');
INSERT INTO topic_tags (id, slug, name, description) VALUES ('1e539694-8481-4ef0-9b35-01d48ced82e8', 'code-interpretation', 'Code Interpretation', 'Auto-generated tag for code interpretation.');
INSERT INTO topic_tags (id, slug, name, description) VALUES ('786bce10-4703-49d1-bf64-44d2c5c7d0b3', '2026-nec-changes', '2026 NEC Changes', 'Auto-generated tag for 2026 nec changes.');
INSERT INTO topic_tags (id, slug, name, description) VALUES ('634c7e72-0017-459a-bf64-a350082f1dc3', 'special-equipment', 'Special Equipment', 'Auto-generated tag for special equipment.');
INSERT INTO practice_questions (id, source_key, certification_level, topic_slug, topic_title, question_text, choices, correct_choice, explanation, nec_reference, difficulty_level, is_active) VALUES ('5a75f6d0-3fc8-48e1-ba61-671d194e377c', 'A-001', 'apprentice', 'nec-navigation', 'NEC Navigation', 'A question depends on the NEC meaning of the term ''readily accessible.'' Which location should you check first?', '{"A":"Article 100","B":"Article 110","C":"Article 210","D":"Annex D"}'::jsonb, 'A', 'Defined terms should be checked in Article 100 before you interpret the installation rule. That prevents using an everyday meaning when the NEC has a technical one.', 'Article 100', 'beginner', TRUE);
INSERT INTO practice_questions (id, source_key, certification_level, topic_slug, topic_title, question_text, choices, correct_choice, explanation, nec_reference, difficulty_level, is_active) VALUES ('4b900bd4-02af-4ce8-ba31-59eb8b5cd825', 'A-002', 'apprentice', 'safety', 'Safety', 'Which NEC section is commonly used for questions about required working space around electrical equipment?', '{"A":"110.12","B":"110.14","C":"110.26","D":"300.4"}'::jsonb, 'C', 'Section 110.26 addresses access and working space around electrical equipment. It is one of the most common general-requirement lookup points on electrician exams.', '110.26', 'beginner', TRUE);
INSERT INTO practice_questions (id, source_key, certification_level, topic_slug, topic_title, question_text, choices, correct_choice, explanation, nec_reference, difficulty_level, is_active) VALUES ('91851f5c-ebff-4fa6-9781-e3a1a3a3cce1', 'A-003', 'apprentice', 'branch-circuits', 'Branch Circuits', 'In dwelling-unit habitable rooms, receptacle placement rules are found primarily in which section?', '{"A":"210.52(A)","B":"220.12","C":"250.24","D":"314.16"}'::jsonb, 'A', 'Section 210.52(A) addresses dwelling-unit receptacle spacing requirements for wall spaces in habitable rooms.', '210.52(A)', 'beginner', TRUE);
INSERT INTO practice_questions (id, source_key, certification_level, topic_slug, topic_title, question_text, choices, correct_choice, explanation, nec_reference, difficulty_level, is_active) VALUES ('668e8856-2a44-48ec-afeb-9401ca83cbd0', 'A-004', 'apprentice', 'boxes-and-fittings', 'Boxes and Fittings', 'Box-fill calculations for conductor volume are found in which NEC section?', '{"A":"300.11","B":"310.16","C":"314.16","D":"430.52"}'::jsonb, 'C', 'Section 314.16 covers box volume and conductor-fill requirements. This is a core apprentice code-lookup topic.', '314.16', 'beginner', TRUE);
INSERT INTO practice_questions (id, source_key, certification_level, topic_slug, topic_title, question_text, choices, correct_choice, explanation, nec_reference, difficulty_level, is_active) VALUES ('5e2149bc-9bb8-4f92-8f94-53b9d66714d6', 'A-005', 'apprentice', 'conductors', 'Conductors', 'Which NEC table is commonly used to look up general conductor ampacity values before applying adjustment or correction factors?', '{"A":"250.66","B":"310.16","C":"430.250","D":"Table 8, Chapter 9"}'::jsonb, 'B', 'Table 310.16 is the common starting point for general conductor ampacity lookup. The user must still read the surrounding sections and applicable conditions.', '310.16', 'beginner', TRUE);
INSERT INTO practice_questions (id, source_key, certification_level, topic_slug, topic_title, question_text, choices, correct_choice, explanation, nec_reference, difficulty_level, is_active) VALUES ('65ae810c-c97f-4fd7-92d9-d6489eb2ac6d', 'J-001', 'journeyman', 'continuous-load', 'Continuous Load', 'Under the NEC, a continuous load is one where the maximum current is expected to continue for how long?', '{"A":"30 minutes or more","B":"1 hour or more","C":"2 hours or more","D":"3 hours or more"}'::jsonb, 'D', 'Article 100 defines a continuous load as one where the maximum current is expected to continue for 3 hours or more.', 'Article 100', 'beginner', TRUE);
INSERT INTO practice_questions (id, source_key, certification_level, topic_slug, topic_title, question_text, choices, correct_choice, explanation, nec_reference, difficulty_level, is_active) VALUES ('36ba6ad2-7237-45d3-beac-7afeb842a6c4', 'J-002', 'journeyman', 'branch-circuits-and-feeders', 'Branch Circuits and Feeders', 'A branch circuit supplies a 40-ampere continuous load and no noncontinuous load. Ignoring conductor-terminal limitations and using the NEC continuous-load rule, what is the minimum overcurrent device rating to consider first?', '{"A":"40 A","B":"45 A","C":"50 A","D":"60 A"}'::jsonb, 'C', 'For a continuous load, start with 125 percent: 40 x 1.25 = 50 A. The code path then continues through the applicable overcurrent and conductor rules.', '210.20(A)', 'intermediate', TRUE);
INSERT INTO practice_questions (id, source_key, certification_level, topic_slug, topic_title, question_text, choices, correct_choice, explanation, nec_reference, difficulty_level, is_active) VALUES ('3760cb1b-92ee-48a5-9012-b3360d4d080b', 'J-003', 'journeyman', 'grounding-and-bonding', 'Grounding and Bonding', 'Which NEC section should you check when a feeder supplies a separate building or structure?', '{"A":"250.24","B":"250.32","C":"250.50","D":"300.3"}'::jsonb, 'B', 'Section 250.32 addresses buildings or structures supplied by feeder or branch circuit. Candidates often miss this by staying in the service-equipment section.', '250.32', 'intermediate', TRUE);
INSERT INTO practice_questions (id, source_key, certification_level, topic_slug, topic_title, question_text, choices, correct_choice, explanation, nec_reference, difficulty_level, is_active) VALUES ('5261dd7c-e9d9-4e85-816b-233bd0a657df', 'J-004', 'journeyman', 'motors', 'Motors', 'When sizing motor branch-circuit conductors, electricians are often directed to use what value rather than only the nameplate current?', '{"A":"Service demand load","B":"Full-load current from the applicable NEC table","C":"Largest branch-circuit overcurrent device","D":"Equipment grounding conductor ampacity"}'::jsonb, 'B', 'Motor conductor and protection rules often rely on the applicable NEC full-load current tables rather than only the nameplate current. Journeyman candidates should know where to find those motor tables and rules.', '430.22', 'intermediate', TRUE);
INSERT INTO practice_questions (id, source_key, certification_level, topic_slug, topic_title, question_text, choices, correct_choice, explanation, nec_reference, difficulty_level, is_active) VALUES ('020c0bd1-8d53-472a-91fe-add63a110ed8', 'J-005', 'journeyman', 'load-calculations', 'Load Calculations', 'Which article is the main starting point for feeder and service load calculations?', '{"A":"Article 220","B":"Article 250","C":"Article 300","D":"Article 430"}'::jsonb, 'A', 'Article 220 contains the load-calculation rules used before moving to conductor and overcurrent sizing articles.', 'Article 220', 'beginner', TRUE);
INSERT INTO practice_questions (id, source_key, certification_level, topic_slug, topic_title, question_text, choices, correct_choice, explanation, nec_reference, difficulty_level, is_active) VALUES ('cc6e0145-a9f3-46a7-a1eb-ddb3ef10698f', 'M-001', 'master', 'load-calculations', 'Load Calculations', 'Before starting a dwelling optional calculation problem, what should a master candidate determine first?', '{"A":"The conductor insulation rating","B":"Whether the occupancy qualifies for the optional method being used","C":"The grounding electrode type","D":"The available fault current"}'::jsonb, 'B', 'The first step is determining that the optional method applies. If the wrong method is chosen, the rest of the calculation can be invalid even if the arithmetic is correct.', '220.82', 'intermediate', TRUE);
INSERT INTO practice_questions (id, source_key, certification_level, topic_slug, topic_title, question_text, choices, correct_choice, explanation, nec_reference, difficulty_level, is_active) VALUES ('26de374c-3e15-4232-974d-b68431f64dc4', 'M-002', 'master', 'hazardous-locations', 'Hazardous Locations', 'In a hazardous-location problem, what should generally be established before selecting equipment or fittings?', '{"A":"The box-fill volume","B":"The service conductor size","C":"The classification of the location","D":"The panelboard directory format"}'::jsonb, 'C', 'Classification comes first. Once the Class, Division, or Zone is known, the candidate can move to the appropriate equipment and wiring-method rules.', '500.5', 'intermediate', TRUE);
INSERT INTO practice_questions (id, source_key, certification_level, topic_slug, topic_title, question_text, choices, correct_choice, explanation, nec_reference, difficulty_level, is_active) VALUES ('913cbddc-ce72-4f93-83ae-a7d52695e739', 'M-003', 'master', 'code-interpretation', 'Code Interpretation', 'Which NEC section is commonly used to explain the hierarchy between general rules and rules for special occupancies, equipment, or conditions?', '{"A":"90.3","B":"110.14","C":"220.40","D":"250.66"}'::jsonb, 'A', 'Section 90.3 explains the arrangement of the Code and the relationship between Chapters 1 through 4 and the special rules in Chapters 5 through 7.', '90.3', 'beginner', TRUE);
INSERT INTO practice_questions (id, source_key, certification_level, topic_slug, topic_title, question_text, choices, correct_choice, explanation, nec_reference, difficulty_level, is_active) VALUES ('ceb38cfc-60be-459e-9944-ddc16882236e', 'M-004', 'master', '2026-nec-changes', '2026 NEC Changes', 'According to official NFPA development material for the 2026 NEC, which new article was created to address grounding and bonding of systems over 1000 Vac and 1500 Vdc nominal?', '{"A":"Article 245","B":"Article 270","C":"Article 495","D":"Article 627"}'::jsonb, 'B', 'NFPA working-draft material for the 2026 cycle shows the creation of Article 270 for grounding and bonding of systems over 1000 Vac and 1500 Vdc nominal.', '2026 NFPA development material for Article 270', 'advanced', TRUE);
INSERT INTO practice_questions (id, source_key, certification_level, topic_slug, topic_title, question_text, choices, correct_choice, explanation, nec_reference, difficulty_level, is_active) VALUES ('77a91ac3-99ed-4361-926c-6209a2222663', 'M-005', 'master', 'special-equipment', 'Special Equipment', 'Official NFPA public-input material for the 2026 cycle proposed a new Article 627 primarily to address power transfer for what broad category?', '{"A":"Swimming pools and spas","B":"Electric self-propelled vehicles beyond standard on-road EV coverage","C":"Hospitals only","D":"Temporary wiring on construction sites"}'::jsonb, 'B', 'NFPA 2026 public-input records describe Article 627 as addressing electric self-propelled vehicle power transfer systems, expanding beyond only on-road electric vehicles.', '2026 NFPA public input for Article 627', 'advanced', TRUE);
INSERT INTO modules (id, slug, title, description, exam_type, difficulty_level, sort_order, is_published, estimated_minutes) VALUES ('ee0b5755-e3b9-42ce-9df7-4a3bdf9ce195', 'ap-mod-001-electrical-theory-fundamentals', 'Electrical Theory Fundamentals', 'Explain voltage, current, resistance, power, and energy using trade language. Apply Ohm''s Law and Watt''s Law to simple series and parallel circuits. Recognize the difference between theory concepts and NEC installation rules.', 'apprentice', 'beginner', 1, TRUE, 40);
INSERT INTO modules (id, slug, title, description, exam_type, difficulty_level, sort_order, is_published, estimated_minutes) VALUES ('d024fe95-d588-43cd-a807-746b280473ee', 'ap-mod-002-basic-safety-osha-and-nfpa-70e', 'Basic Safety (OSHA and NFPA 70E)', 'Identify electrical shock, arc-flash, and arc-blast hazards. Connect OSHA work-practice expectations with jobsite behavior. Explain why de-energization and verification matter before beginning work.', 'apprentice', 'beginner', 2, TRUE, 50);
INSERT INTO modules (id, slug, title, description, exam_type, difficulty_level, sort_order, is_published, estimated_minutes) VALUES ('6349084a-f462-4cf3-b879-ac413857bf3a', 'ap-mod-003-introduction-to-the-nec', 'Introduction to the NEC', 'Navigate articles, parts, sections, tables, and informational notes. Differentiate enforceable rules from explanatory material. Find foundational definitions and general installation rules quickly.', 'apprentice', 'beginner', 3, TRUE, 40);
INSERT INTO modules (id, slug, title, description, exam_type, difficulty_level, sort_order, is_published, estimated_minutes) VALUES ('cafa68a2-0874-4bfc-801b-6cbd5bcfb6da', 'ap-mod-004-wiring-methods-and-materials', 'Wiring Methods and Materials', 'Recognize common raceways, cable assemblies, and conductor types. Use Chapter 3 articles to identify permitted uses and support rules. Connect conductor sizing to insulation, ampacity, and environment.', 'apprentice', 'beginner', 4, TRUE, 50);
INSERT INTO modules (id, slug, title, description, exam_type, difficulty_level, sort_order, is_published, estimated_minutes) VALUES ('dbe448e2-6a4f-49e0-bc5f-aec39222ba68', 'jr-mod-001-advanced-nec-navigation', 'Advanced NEC Navigation', 'Move between Chapters 1 through 4 and special rules in Chapters 5 through 7 efficiently. Use article structure to solve open-book exam questions faster. Spot when a general rule is modified by a special occupancy or equipment article.', 'journeyman', 'intermediate', 5, TRUE, 45);
INSERT INTO modules (id, slug, title, description, exam_type, difficulty_level, sort_order, is_published, estimated_minutes) VALUES ('78b998ba-afa3-4247-8f34-b335c86a3404', 'jr-mod-002-branch-circuits-and-feeders', 'Branch Circuits and Feeders', 'Apply branch-circuit, feeder, and continuous-load sizing rules. Use Article 210, 215, and 220 together during load questions. Evaluate receptacle, small-appliance, and dwelling-unit circuit requirements.', 'journeyman', 'intermediate', 6, TRUE, 50);
INSERT INTO modules (id, slug, title, description, exam_type, difficulty_level, sort_order, is_published, estimated_minutes) VALUES ('eea4723d-bbfe-4863-aa3c-9e8ac34193a4', 'jr-mod-003-grounding-and-bonding', 'Grounding and Bonding', 'Separate grounding functions from bonding functions. Identify service bonding jumper, equipment grounding conductor, and grounding electrode conductor paths. Use Article 250 tables and definitions correctly.', 'journeyman', 'intermediate', 7, TRUE, 60);
INSERT INTO modules (id, slug, title, description, exam_type, difficulty_level, sort_order, is_published, estimated_minutes) VALUES ('8b56af98-e0fc-43e9-9472-76cf50430730', 'jr-mod-004-motors-and-controls', 'Motors and Controls', 'Locate full-load current, conductor sizing, overload, and short-circuit rules. Use motor tables instead of nameplate current where required by the NEC. Explain the difference between overload protection and short-circuit protection.', 'journeyman', 'intermediate', 8, TRUE, 60);
INSERT INTO modules (id, slug, title, description, exam_type, difficulty_level, sort_order, is_published, estimated_minutes) VALUES ('cb3a3e6b-211a-4686-86d6-762fe27f1d01', 'ms-mod-001-advanced-system-design', 'Advanced System Design', 'Evaluate service, feeder, and distribution concepts at a system level. Apply demand and diversity concepts across dwelling and commercial scenarios. Integrate emerging 2026 organization changes into code-navigation habits.', 'master', 'advanced', 9, TRUE, 60);
INSERT INTO modules (id, slug, title, description, exam_type, difficulty_level, sort_order, is_published, estimated_minutes) VALUES ('991ad014-10ca-4408-988c-864af282d9a3', 'ms-mod-002-complex-load-calculations', 'Complex Load Calculations', 'Perform multifamily, commercial, and mixed-use load calculations. Differentiate standard, optional, and equipment-specific methods. Translate load calculations into service and feeder conductor sizing.', 'master', 'advanced', 10, TRUE, 70);
INSERT INTO modules (id, slug, title, description, exam_type, difficulty_level, sort_order, is_published, estimated_minutes) VALUES ('9fa168f1-affb-435f-947e-64f89376e314', 'ms-mod-003-hazardous-locations', 'Hazardous Locations', 'Identify Class, Division, and Zone concepts at a code-navigation level. Use Articles 500 through 516 to find occupancy-specific rules. Avoid common exam mistakes involving sealing fittings, temperature limits, and equipment suitability.', 'master', 'advanced', 11, TRUE, 70);
INSERT INTO modules (id, slug, title, description, exam_type, difficulty_level, sort_order, is_published, estimated_minutes) VALUES ('2d20bbfb-6ef2-4fcc-b2f6-4d0d923e92e5', 'ms-mod-004-code-interpretation-and-compliance', 'Code Interpretation and Compliance', 'Use scope, purpose, and hierarchy rules to resolve code questions. Recognize when jurisdictional policy or adopted amendments change the answer path. Tie technical compliance decisions to plan review, inspection, and business risk.', 'master', 'advanced', 12, TRUE, 50);
INSERT INTO module_topic_tags (module_id, topic_tag_id) VALUES ('ee0b5755-e3b9-42ce-9df7-4a3bdf9ce195', '141787d3-0567-499d-a3c4-58bd743c18b0');
INSERT INTO module_topic_tags (module_id, topic_tag_id) VALUES ('ee0b5755-e3b9-42ce-9df7-4a3bdf9ce195', '7a7511b9-1131-433d-9238-856f1bde95cb');
INSERT INTO module_topic_tags (module_id, topic_tag_id) VALUES ('ee0b5755-e3b9-42ce-9df7-4a3bdf9ce195', 'bae3d385-8526-4101-9c66-e17425a86cfb');
INSERT INTO module_topic_tags (module_id, topic_tag_id) VALUES ('d024fe95-d588-43cd-a807-746b280473ee', '141787d3-0567-499d-a3c4-58bd743c18b0');
INSERT INTO module_topic_tags (module_id, topic_tag_id) VALUES ('d024fe95-d588-43cd-a807-746b280473ee', '85918dde-744c-4b72-bea3-5cec967310d5');
INSERT INTO module_topic_tags (module_id, topic_tag_id) VALUES ('d024fe95-d588-43cd-a807-746b280473ee', 'bae3d385-8526-4101-9c66-e17425a86cfb');
INSERT INTO module_topic_tags (module_id, topic_tag_id) VALUES ('6349084a-f462-4cf3-b879-ac413857bf3a', '141787d3-0567-499d-a3c4-58bd743c18b0');
INSERT INTO module_topic_tags (module_id, topic_tag_id) VALUES ('6349084a-f462-4cf3-b879-ac413857bf3a', '7e1d13fe-1d27-40fb-b6cf-ed7dd4e49c59');
INSERT INTO module_topic_tags (module_id, topic_tag_id) VALUES ('cafa68a2-0874-4bfc-801b-6cbd5bcfb6da', '141787d3-0567-499d-a3c4-58bd743c18b0');
INSERT INTO module_topic_tags (module_id, topic_tag_id) VALUES ('cafa68a2-0874-4bfc-801b-6cbd5bcfb6da', '73aef8fc-4a07-41e8-833b-8b0bc88d15a7');
INSERT INTO module_topic_tags (module_id, topic_tag_id) VALUES ('cafa68a2-0874-4bfc-801b-6cbd5bcfb6da', 'bae3d385-8526-4101-9c66-e17425a86cfb');
INSERT INTO module_topic_tags (module_id, topic_tag_id) VALUES ('dbe448e2-6a4f-49e0-bc5f-aec39222ba68', 'a9375c94-19bf-4f50-8ae9-f764b329ef73');
INSERT INTO module_topic_tags (module_id, topic_tag_id) VALUES ('dbe448e2-6a4f-49e0-bc5f-aec39222ba68', '5f7716d8-8050-4105-acae-94158c641409');
INSERT INTO module_topic_tags (module_id, topic_tag_id) VALUES ('78b998ba-afa3-4247-8f34-b335c86a3404', 'a9375c94-19bf-4f50-8ae9-f764b329ef73');
INSERT INTO module_topic_tags (module_id, topic_tag_id) VALUES ('78b998ba-afa3-4247-8f34-b335c86a3404', '78fc5e62-54dd-4ee2-a331-22a7863f85b6');
INSERT INTO module_topic_tags (module_id, topic_tag_id) VALUES ('eea4723d-bbfe-4863-aa3c-9e8ac34193a4', 'a9375c94-19bf-4f50-8ae9-f764b329ef73');
INSERT INTO module_topic_tags (module_id, topic_tag_id) VALUES ('eea4723d-bbfe-4863-aa3c-9e8ac34193a4', '74004ccb-08ba-453e-a960-540b21286211');
INSERT INTO module_topic_tags (module_id, topic_tag_id) VALUES ('8b56af98-e0fc-43e9-9472-76cf50430730', 'a9375c94-19bf-4f50-8ae9-f764b329ef73');
INSERT INTO module_topic_tags (module_id, topic_tag_id) VALUES ('8b56af98-e0fc-43e9-9472-76cf50430730', 'd89978b9-7e88-48c8-a584-cc2a1c5276da');
INSERT INTO module_topic_tags (module_id, topic_tag_id) VALUES ('8b56af98-e0fc-43e9-9472-76cf50430730', 'bae3d385-8526-4101-9c66-e17425a86cfb');
INSERT INTO module_topic_tags (module_id, topic_tag_id) VALUES ('cb3a3e6b-211a-4686-86d6-762fe27f1d01', '9fc0454a-c601-4c29-b7c1-a1b81ebb7290');
INSERT INTO module_topic_tags (module_id, topic_tag_id) VALUES ('cb3a3e6b-211a-4686-86d6-762fe27f1d01', '8ab1bc2e-7808-4838-809f-243aec3152f8');
INSERT INTO module_topic_tags (module_id, topic_tag_id) VALUES ('991ad014-10ca-4408-988c-864af282d9a3', '9fc0454a-c601-4c29-b7c1-a1b81ebb7290');
INSERT INTO module_topic_tags (module_id, topic_tag_id) VALUES ('991ad014-10ca-4408-988c-864af282d9a3', 'f29932d2-8bf6-46f1-bb37-fda276e960e3');
INSERT INTO module_topic_tags (module_id, topic_tag_id) VALUES ('9fa168f1-affb-435f-947e-64f89376e314', '9fc0454a-c601-4c29-b7c1-a1b81ebb7290');
INSERT INTO module_topic_tags (module_id, topic_tag_id) VALUES ('9fa168f1-affb-435f-947e-64f89376e314', '65635fa2-cd9e-40b7-b44c-7d0b40beb32e');
INSERT INTO module_topic_tags (module_id, topic_tag_id) VALUES ('2d20bbfb-6ef2-4fcc-b2f6-4d0d923e92e5', '9fc0454a-c601-4c29-b7c1-a1b81ebb7290');
INSERT INTO module_topic_tags (module_id, topic_tag_id) VALUES ('2d20bbfb-6ef2-4fcc-b2f6-4d0d923e92e5', '2e6283ef-a07b-4907-9dfa-02a4514416fa');
INSERT INTO lessons (id, module_id, slug, title, subtitle, summary, exam_type, difficulty_level, sort_order, estimated_minutes, is_published) VALUES ('17f22a38-65fd-490d-a693-7959af870f49', 'ee0b5755-e3b9-42ce-9df7-4a3bdf9ce195', 'ap-les-001-voltage-current-resistance-and-ohm-s-law', 'Voltage, Current, Resistance, and Ohm''s Law', 'Electrical Theory Fundamentals', 'If you do not understand how pressure, flow, and opposition work together, later topics like voltage drop, ampacity, and troubleshooting feel random. Apprentice exams use these ideas as the foundation for many basic questions.', 'apprentice', 'beginner', 1, 20, TRUE);
INSERT INTO lessons (id, module_id, slug, title, subtitle, summary, exam_type, difficulty_level, sort_order, estimated_minutes, is_published) VALUES ('99d41b80-62a0-471b-9879-4c7028a68acd', 'ee0b5755-e3b9-42ce-9df7-4a3bdf9ce195', 'ap-les-002-power-energy-and-basic-circuit-relationships', 'Power, Energy, and Basic Circuit Relationships', 'Electrical Theory Fundamentals', 'Electricians size equipment, compare loads, and think about consumption every day. Exams also use watts and watt-hours to test whether you understand the difference between how fast energy is used and how much energy is used over time.', 'apprentice', 'beginner', 2, 20, TRUE);
INSERT INTO lessons (id, module_id, slug, title, subtitle, summary, exam_type, difficulty_level, sort_order, estimated_minutes, is_published) VALUES ('c167d77b-7b7b-44eb-a685-6cf54598948e', 'd024fe95-d588-43cd-a807-746b280473ee', 'ap-les-003-electrical-hazard-recognition-and-safe-work-basics', 'Electrical Hazard Recognition and Safe Work Basics', 'Basic Safety (OSHA and NFPA 70E)', 'Safety questions are not filler. They test whether you understand the real consequences of bad decisions around energized equipment, poor access, and improper installation. A calm safety mindset protects both test scores and real people.', 'apprentice', 'beginner', 1, 25, TRUE);
INSERT INTO lessons (id, module_id, slug, title, subtitle, summary, exam_type, difficulty_level, sort_order, estimated_minutes, is_published) VALUES ('7fd6f5b0-c144-4be6-b93c-af2021f07ad9', 'd024fe95-d588-43cd-a807-746b280473ee', 'ap-les-004-shock-paths-ppe-and-lockout-mindset', 'Shock Paths, PPE, and Lockout Mindset', 'Basic Safety (OSHA and NFPA 70E)', 'A lot of injuries happen because someone assumes equipment is off, assumes another worker already made it safe, or assumes gloves alone solve the problem. Exams test that mindset because the real job depends on it.', 'apprentice', 'beginner', 2, 25, TRUE);
INSERT INTO lessons (id, module_id, slug, title, subtitle, summary, exam_type, difficulty_level, sort_order, estimated_minutes, is_published) VALUES ('222483b9-7334-4522-bedb-2a293728377c', '6349084a-f462-4cf3-b879-ac413857bf3a', 'ap-les-005-how-the-nec-is-organized', 'How the NEC Is Organized', 'Introduction to the NEC', 'Open-book exam speed does not come from memorizing every section. It comes from knowing where a topic usually lives and how the code is organized. That skill saves time on the job too.', 'apprentice', 'beginner', 1, 20, TRUE);
INSERT INTO lessons (id, module_id, slug, title, subtitle, summary, exam_type, difficulty_level, sort_order, estimated_minutes, is_published) VALUES ('2be6d8d4-ff37-4d29-a935-bca89d99ff50', '6349084a-f462-4cf3-b879-ac413857bf3a', 'ap-les-006-code-lookup-drill-article-100-and-article-110', 'Code Lookup Drill: Article 100 and Article 110', 'Introduction to the NEC', 'Many apprentice candidates know the topic but still miss the question because they searched in the wrong order. A repeatable lookup process turns open-book exams into a navigation problem instead of a panic problem.', 'apprentice', 'beginner', 2, 20, TRUE);
INSERT INTO lessons (id, module_id, slug, title, subtitle, summary, exam_type, difficulty_level, sort_order, estimated_minutes, is_published) VALUES ('e7f99f77-30e4-464e-9ede-d016be784019', 'cafa68a2-0874-4bfc-801b-6cbd5bcfb6da', 'ap-les-007-raceways-cables-and-boxes', 'Raceways, Cables, and Boxes', 'Wiring Methods and Materials', 'Apprentice exams often mix material recognition with simple rule application. On the job, the wrong raceway, cable assembly, or box size can create support problems, overcrowded splices, and failed inspections before the system is even energized.', 'apprentice', 'beginner', 1, 25, TRUE);
INSERT INTO lessons (id, module_id, slug, title, subtitle, summary, exam_type, difficulty_level, sort_order, estimated_minutes, is_published) VALUES ('a634384e-cd8a-4305-acc1-7001313e16c9', 'cafa68a2-0874-4bfc-801b-6cbd5bcfb6da', 'ap-les-008-conductor-sizing-and-table-navigation', 'Conductor Sizing and Table Navigation', 'Wiring Methods and Materials', 'Wire sizing is one of the first places where new learners feel buried by tables. Exams reward students who know what the table is actually telling them and what conditions can reduce the usable ampacity.', 'apprentice', 'beginner', 2, 25, TRUE);
INSERT INTO lessons (id, module_id, slug, title, subtitle, summary, exam_type, difficulty_level, sort_order, estimated_minutes, is_published) VALUES ('40f011ac-7be9-4e37-bd7c-91607a241a3e', 'dbe448e2-6a4f-49e0-bc5f-aec39222ba68', 'jr-les-001-general-rules-vs-special-rules', 'General Rules vs Special Rules', 'Advanced NEC Navigation', 'Journeyman exams stop rewarding simple recognition alone. They often test whether you know which rule governs when two sections seem to compete. That is really a hierarchy problem.', 'journeyman', 'intermediate', 1, 25, TRUE);
INSERT INTO lessons (id, module_id, slug, title, subtitle, summary, exam_type, difficulty_level, sort_order, estimated_minutes, is_published) VALUES ('dd2810b6-f800-413a-b5d8-1dc15de2bab0', 'dbe448e2-6a4f-49e0-bc5f-aec39222ba68', 'jr-les-002-timed-code-lookup-strategies', 'Timed Code Lookup Strategies', 'Advanced NEC Navigation', 'Timed open-book exams punish wandering. The candidate who knows how to narrow the search wins back minutes that can be used on calculations and review.', 'journeyman', 'intermediate', 2, 20, TRUE);
INSERT INTO lessons (id, module_id, slug, title, subtitle, summary, exam_type, difficulty_level, sort_order, estimated_minutes, is_published) VALUES ('38a5b1ac-e91d-491f-b720-75c70d567b19', '78b998ba-afa3-4247-8f34-b335c86a3404', 'jr-les-003-continuous-loads-and-overcurrent-device-sizing', 'Continuous Loads and Overcurrent Device Sizing', 'Branch Circuits and Feeders', 'This topic shows up constantly because it blends code language, arithmetic, and logic. A student may know the 125 percent rule but still miss the question by applying it to the wrong component.', 'journeyman', 'intermediate', 1, 25, TRUE);
INSERT INTO lessons (id, module_id, slug, title, subtitle, summary, exam_type, difficulty_level, sort_order, estimated_minutes, is_published) VALUES ('59716e7a-bab8-43b2-9c07-1d2cd724f02e', '78b998ba-afa3-4247-8f34-b335c86a3404', 'jr-les-004-dwelling-receptacles-and-small-appliance-circuits', 'Dwelling Receptacles and Small-Appliance Circuits', 'Branch Circuits and Feeders', 'Dwelling-unit questions are frequent because they connect everyday residential layouts to code decisions. They are also easy points for candidates who can separate required circuits from required outlet placement instead of treating Article 210 like one giant memorization problem.', 'journeyman', 'intermediate', 2, 25, TRUE);
INSERT INTO lessons (id, module_id, slug, title, subtitle, summary, exam_type, difficulty_level, sort_order, estimated_minutes, is_published) VALUES ('71144249-a131-40b6-b7ce-33ff65c69919', 'eea4723d-bbfe-4863-aa3c-9e8ac34193a4', 'jr-les-005-grounding-vs-bonding-at-services-and-feeders', 'Grounding vs Bonding at Services and Feeders', 'Grounding and Bonding', 'Grounding and bonding is one of the most misunderstood electrician exam topics. Students often know pieces of the vocabulary but cannot explain the function of each conductor or connection point.', 'journeyman', 'intermediate', 1, 30, TRUE);
INSERT INTO lessons (id, module_id, slug, title, subtitle, summary, exam_type, difficulty_level, sort_order, estimated_minutes, is_published) VALUES ('0c6b6af9-e148-435c-a9ee-82726bfb398b', 'eea4723d-bbfe-4863-aa3c-9e8ac34193a4', 'jr-les-006-grounding-electrodes-and-electrode-conductors', 'Grounding Electrodes and Electrode Conductors', 'Grounding and Bonding', 'This topic appears in both direct code questions and bigger service questions. Students lose easy points when they know electrode names but do not understand the system idea behind them.', 'journeyman', 'intermediate', 2, 30, TRUE);
INSERT INTO lessons (id, module_id, slug, title, subtitle, summary, exam_type, difficulty_level, sort_order, estimated_minutes, is_published) VALUES ('dcc853e2-a68b-4707-9e4c-a2c62da7ebb1', '8b56af98-e0fc-43e9-9472-76cf50430730', 'jr-les-007-motor-circuit-conductors-and-overload-protection', 'Motor Circuit Conductors and Overload Protection', 'Motors and Controls', 'Motor questions scare many candidates because the rules feel different from everyday branch-circuit work. The difference is intentional. Motors start, run, and overload in ways that ordinary lighting loads do not.', 'journeyman', 'intermediate', 1, 30, TRUE);
INSERT INTO lessons (id, module_id, slug, title, subtitle, summary, exam_type, difficulty_level, sort_order, estimated_minutes, is_published) VALUES ('ed52a359-658b-433e-bba4-0680bf829ff9', '8b56af98-e0fc-43e9-9472-76cf50430730', 'jr-les-008-motor-branch-circuit-short-circuit-and-ground-fault-protection', 'Motor Branch-Circuit Short-Circuit and Ground-Fault Protection', 'Motors and Controls', 'Students often panic when they see a motor protective-device value that seems larger than the conductor ampacity or overload setting. The rules look unusual only until you understand the purpose of each protective layer.', 'journeyman', 'intermediate', 2, 30, TRUE);
INSERT INTO lessons (id, module_id, slug, title, subtitle, summary, exam_type, difficulty_level, sort_order, estimated_minutes, is_published) VALUES ('a54341a4-d901-4ad6-8a4b-a2a943a71bd4', 'cb3a3e6b-211a-4686-86d6-762fe27f1d01', 'ms-les-001-service-and-feeder-design-workflow', 'Service and Feeder Design Workflow', 'Advanced System Design', 'Master-level exams reward process discipline. These questions are less about one isolated section and more about whether you can move through the design path without skipping a step.', 'master', 'advanced', 1, 35, TRUE);
INSERT INTO lessons (id, module_id, slug, title, subtitle, summary, exam_type, difficulty_level, sort_order, estimated_minutes, is_published) VALUES ('0f92cda0-eff0-42b8-bcb2-1bea9d0f13bc', 'cb3a3e6b-211a-4686-86d6-762fe27f1d01', 'ms-les-002-using-tables-notes-and-exceptions-efficiently', 'Using Tables, Notes, and Exceptions Efficiently', 'Advanced System Design', 'Master exams often hide the real challenge in the small print. A student may know the main rule but still miss the problem by overlooking a table note, exception, or limitation that changes the result.', 'master', 'advanced', 2, 25, TRUE);
INSERT INTO lessons (id, module_id, slug, title, subtitle, summary, exam_type, difficulty_level, sort_order, estimated_minutes, is_published) VALUES ('fa82e6c5-799d-4610-a465-cdf06f82724b', '991ad014-10ca-4408-988c-864af282d9a3', 'ms-les-003-dwelling-optional-calculation-workflow', 'Dwelling Optional Calculation Workflow', 'Complex Load Calculations', 'Optional dwelling calculations are attractive because they can simplify service-sizing problems, but they also create mistakes when students apply the method too casually or mix it with standard-method logic.', 'master', 'advanced', 1, 35, TRUE);
INSERT INTO lessons (id, module_id, slug, title, subtitle, summary, exam_type, difficulty_level, sort_order, estimated_minutes, is_published) VALUES ('e0b1e379-a058-4bf9-970c-225a755f9a07', '991ad014-10ca-4408-988c-864af282d9a3', 'ms-les-004-commercial-demand-and-feeder-sizing', 'Commercial Demand and Feeder Sizing', 'Complex Load Calculations', 'Commercial calculations combine several load types, which makes them easy to overcount or undercount. Master-level questions reward candidates who organize the load categories before they start doing arithmetic.', 'master', 'advanced', 2, 35, TRUE);
INSERT INTO lessons (id, module_id, slug, title, subtitle, summary, exam_type, difficulty_level, sort_order, estimated_minutes, is_published) VALUES ('e4a8125f-68c4-4d24-b811-6de74f9aa85b', '9fa168f1-affb-435f-947e-64f89376e314', 'ms-les-005-hazardous-location-classification-fundamentals', 'Hazardous Location Classification Fundamentals', 'Hazardous Locations', 'Hazardous-location questions feel intimidating because the vocabulary is dense. But once you understand what is being classified and why, the topic becomes much more teachable and much less mysterious.', 'master', 'advanced', 1, 35, TRUE);
INSERT INTO lessons (id, module_id, slug, title, subtitle, summary, exam_type, difficulty_level, sort_order, estimated_minutes, is_published) VALUES ('962e1229-3cb3-4e52-853b-e565e4aaf88a', '9fa168f1-affb-435f-947e-64f89376e314', 'ms-les-006-motors-seals-and-equipment-selection-in-classified-areas', 'Motors, Seals, and Equipment Selection in Classified Areas', 'Hazardous Locations', 'After classification, master-level questions usually shift into application. That is where many candidates lose points. They know the area is hazardous, but they cannot explain why a certain motor, enclosure, or sealing approach is or is not acceptable.', 'master', 'advanced', 2, 35, TRUE);
INSERT INTO lessons (id, module_id, slug, title, subtitle, summary, exam_type, difficulty_level, sort_order, estimated_minutes, is_published) VALUES ('f1b37758-4019-4b8e-8264-ed5a2a5c798f', '2d20bbfb-6ef2-4fcc-b2f6-4d0d923e92e5', 'ms-les-007-reading-90-1-90-3-and-article-100-like-a-master', 'Reading 90.1, 90.3, and Article 100 Like a Master', 'Code Interpretation and Compliance', 'At the master level, the code is not just a list of isolated rules. It is a structured document with purpose, hierarchy, and defined language. These opening sections help you reason through hard questions instead of just hunting citations.', 'master', 'advanced', 1, 25, TRUE);
INSERT INTO lessons (id, module_id, slug, title, subtitle, summary, exam_type, difficulty_level, sort_order, estimated_minutes, is_published) VALUES ('9893a3b5-6c9b-4adb-bb79-5170fb6cf62e', '2d20bbfb-6ef2-4fcc-b2f6-4d0d923e92e5', 'ms-les-008-when-the-nec-is-not-the-whole-answer', 'When the NEC Is Not the Whole Answer', 'Code Interpretation and Compliance', 'Master electricians are expected to think beyond a single section citation. Real projects involve code adoption, authority-having-jurisdiction decisions, listed-equipment instructions, and local processes that affect what actually gets approved and installed.', 'master', 'advanced', 2, 25, TRUE);
INSERT INTO lesson_topic_tags (lesson_id, topic_tag_id) VALUES ('17f22a38-65fd-490d-a693-7959af870f49', '141787d3-0567-499d-a3c4-58bd743c18b0');
INSERT INTO lesson_topic_tags (lesson_id, topic_tag_id) VALUES ('17f22a38-65fd-490d-a693-7959af870f49', '7a7511b9-1131-433d-9238-856f1bde95cb');
INSERT INTO lesson_topic_tags (lesson_id, topic_tag_id) VALUES ('17f22a38-65fd-490d-a693-7959af870f49', 'bae3d385-8526-4101-9c66-e17425a86cfb');
INSERT INTO lesson_topic_tags (lesson_id, topic_tag_id) VALUES ('17f22a38-65fd-490d-a693-7959af870f49', 'c50cca10-5635-40bc-a258-dd1e246752dd');
INSERT INTO lesson_topic_tags (lesson_id, topic_tag_id) VALUES ('99d41b80-62a0-471b-9879-4c7028a68acd', '141787d3-0567-499d-a3c4-58bd743c18b0');
INSERT INTO lesson_topic_tags (lesson_id, topic_tag_id) VALUES ('99d41b80-62a0-471b-9879-4c7028a68acd', '7a7511b9-1131-433d-9238-856f1bde95cb');
INSERT INTO lesson_topic_tags (lesson_id, topic_tag_id) VALUES ('99d41b80-62a0-471b-9879-4c7028a68acd', 'bae3d385-8526-4101-9c66-e17425a86cfb');
INSERT INTO lesson_topic_tags (lesson_id, topic_tag_id) VALUES ('99d41b80-62a0-471b-9879-4c7028a68acd', 'be5f7159-e194-405f-bfd3-38f0c5fcca20');
INSERT INTO lesson_topic_tags (lesson_id, topic_tag_id) VALUES ('c167d77b-7b7b-44eb-a685-6cf54598948e', '141787d3-0567-499d-a3c4-58bd743c18b0');
INSERT INTO lesson_topic_tags (lesson_id, topic_tag_id) VALUES ('c167d77b-7b7b-44eb-a685-6cf54598948e', '85918dde-744c-4b72-bea3-5cec967310d5');
INSERT INTO lesson_topic_tags (lesson_id, topic_tag_id) VALUES ('c167d77b-7b7b-44eb-a685-6cf54598948e', 'bae3d385-8526-4101-9c66-e17425a86cfb');
INSERT INTO lesson_topic_tags (lesson_id, topic_tag_id) VALUES ('c167d77b-7b7b-44eb-a685-6cf54598948e', 'eb383fab-1816-45b4-b202-286192329e43');
INSERT INTO lesson_topic_tags (lesson_id, topic_tag_id) VALUES ('7fd6f5b0-c144-4be6-b93c-af2021f07ad9', '141787d3-0567-499d-a3c4-58bd743c18b0');
INSERT INTO lesson_topic_tags (lesson_id, topic_tag_id) VALUES ('7fd6f5b0-c144-4be6-b93c-af2021f07ad9', '85918dde-744c-4b72-bea3-5cec967310d5');
INSERT INTO lesson_topic_tags (lesson_id, topic_tag_id) VALUES ('7fd6f5b0-c144-4be6-b93c-af2021f07ad9', 'bae3d385-8526-4101-9c66-e17425a86cfb');
INSERT INTO lesson_topic_tags (lesson_id, topic_tag_id) VALUES ('7fd6f5b0-c144-4be6-b93c-af2021f07ad9', '6ce8ee0a-9610-4fb4-91e9-1681ccad8681');
INSERT INTO lesson_topic_tags (lesson_id, topic_tag_id) VALUES ('222483b9-7334-4522-bedb-2a293728377c', '141787d3-0567-499d-a3c4-58bd743c18b0');
INSERT INTO lesson_topic_tags (lesson_id, topic_tag_id) VALUES ('222483b9-7334-4522-bedb-2a293728377c', '7e1d13fe-1d27-40fb-b6cf-ed7dd4e49c59');
INSERT INTO lesson_topic_tags (lesson_id, topic_tag_id) VALUES ('222483b9-7334-4522-bedb-2a293728377c', '3cca7c69-1898-4d8a-baef-6d8c4ff30a3b');
INSERT INTO lesson_topic_tags (lesson_id, topic_tag_id) VALUES ('2be6d8d4-ff37-4d29-a935-bca89d99ff50', '141787d3-0567-499d-a3c4-58bd743c18b0');
INSERT INTO lesson_topic_tags (lesson_id, topic_tag_id) VALUES ('2be6d8d4-ff37-4d29-a935-bca89d99ff50', '7e1d13fe-1d27-40fb-b6cf-ed7dd4e49c59');
INSERT INTO lesson_topic_tags (lesson_id, topic_tag_id) VALUES ('2be6d8d4-ff37-4d29-a935-bca89d99ff50', '2b1fddbb-260f-46a3-9b6f-6a8895e24eac');
INSERT INTO lesson_topic_tags (lesson_id, topic_tag_id) VALUES ('e7f99f77-30e4-464e-9ede-d016be784019', '141787d3-0567-499d-a3c4-58bd743c18b0');
INSERT INTO lesson_topic_tags (lesson_id, topic_tag_id) VALUES ('e7f99f77-30e4-464e-9ede-d016be784019', '73aef8fc-4a07-41e8-833b-8b0bc88d15a7');
INSERT INTO lesson_topic_tags (lesson_id, topic_tag_id) VALUES ('e7f99f77-30e4-464e-9ede-d016be784019', 'bae3d385-8526-4101-9c66-e17425a86cfb');
INSERT INTO lesson_topic_tags (lesson_id, topic_tag_id) VALUES ('e7f99f77-30e4-464e-9ede-d016be784019', '49866d5d-0386-4d00-9290-d1513607103e');
INSERT INTO lesson_topic_tags (lesson_id, topic_tag_id) VALUES ('a634384e-cd8a-4305-acc1-7001313e16c9', '141787d3-0567-499d-a3c4-58bd743c18b0');
INSERT INTO lesson_topic_tags (lesson_id, topic_tag_id) VALUES ('a634384e-cd8a-4305-acc1-7001313e16c9', '73aef8fc-4a07-41e8-833b-8b0bc88d15a7');
INSERT INTO lesson_topic_tags (lesson_id, topic_tag_id) VALUES ('a634384e-cd8a-4305-acc1-7001313e16c9', 'bae3d385-8526-4101-9c66-e17425a86cfb');
INSERT INTO lesson_topic_tags (lesson_id, topic_tag_id) VALUES ('a634384e-cd8a-4305-acc1-7001313e16c9', '3f1add21-0237-41f4-92f8-b4cefd011b4d');
INSERT INTO lesson_topic_tags (lesson_id, topic_tag_id) VALUES ('40f011ac-7be9-4e37-bd7c-91607a241a3e', 'a9375c94-19bf-4f50-8ae9-f764b329ef73');
INSERT INTO lesson_topic_tags (lesson_id, topic_tag_id) VALUES ('40f011ac-7be9-4e37-bd7c-91607a241a3e', '5f7716d8-8050-4105-acae-94158c641409');
INSERT INTO lesson_topic_tags (lesson_id, topic_tag_id) VALUES ('40f011ac-7be9-4e37-bd7c-91607a241a3e', 'd27da815-6e43-4876-acd2-252160b4e075');
INSERT INTO lesson_topic_tags (lesson_id, topic_tag_id) VALUES ('dd2810b6-f800-413a-b5d8-1dc15de2bab0', 'a9375c94-19bf-4f50-8ae9-f764b329ef73');
INSERT INTO lesson_topic_tags (lesson_id, topic_tag_id) VALUES ('dd2810b6-f800-413a-b5d8-1dc15de2bab0', '5f7716d8-8050-4105-acae-94158c641409');
INSERT INTO lesson_topic_tags (lesson_id, topic_tag_id) VALUES ('dd2810b6-f800-413a-b5d8-1dc15de2bab0', '90d26c68-a2bc-47a1-b4b7-50e2ddd9a752');
INSERT INTO lesson_topic_tags (lesson_id, topic_tag_id) VALUES ('38a5b1ac-e91d-491f-b720-75c70d567b19', 'a9375c94-19bf-4f50-8ae9-f764b329ef73');
INSERT INTO lesson_topic_tags (lesson_id, topic_tag_id) VALUES ('38a5b1ac-e91d-491f-b720-75c70d567b19', '78fc5e62-54dd-4ee2-a331-22a7863f85b6');
INSERT INTO lesson_topic_tags (lesson_id, topic_tag_id) VALUES ('38a5b1ac-e91d-491f-b720-75c70d567b19', 'e4a6ffcd-586d-4d25-b53e-db3a04c42bf5');
INSERT INTO lesson_topic_tags (lesson_id, topic_tag_id) VALUES ('59716e7a-bab8-43b2-9c07-1d2cd724f02e', 'a9375c94-19bf-4f50-8ae9-f764b329ef73');
INSERT INTO lesson_topic_tags (lesson_id, topic_tag_id) VALUES ('59716e7a-bab8-43b2-9c07-1d2cd724f02e', '78fc5e62-54dd-4ee2-a331-22a7863f85b6');
INSERT INTO lesson_topic_tags (lesson_id, topic_tag_id) VALUES ('59716e7a-bab8-43b2-9c07-1d2cd724f02e', 'ce5061de-8625-4720-adda-1c4b8b88ddab');
INSERT INTO lesson_topic_tags (lesson_id, topic_tag_id) VALUES ('71144249-a131-40b6-b7ce-33ff65c69919', 'a9375c94-19bf-4f50-8ae9-f764b329ef73');
INSERT INTO lesson_topic_tags (lesson_id, topic_tag_id) VALUES ('71144249-a131-40b6-b7ce-33ff65c69919', '74004ccb-08ba-453e-a960-540b21286211');
INSERT INTO lesson_topic_tags (lesson_id, topic_tag_id) VALUES ('71144249-a131-40b6-b7ce-33ff65c69919', 'c4b9f284-26d0-430b-bca9-ce913ef00b17');
INSERT INTO lesson_topic_tags (lesson_id, topic_tag_id) VALUES ('0c6b6af9-e148-435c-a9ee-82726bfb398b', 'a9375c94-19bf-4f50-8ae9-f764b329ef73');
INSERT INTO lesson_topic_tags (lesson_id, topic_tag_id) VALUES ('0c6b6af9-e148-435c-a9ee-82726bfb398b', '74004ccb-08ba-453e-a960-540b21286211');
INSERT INTO lesson_topic_tags (lesson_id, topic_tag_id) VALUES ('0c6b6af9-e148-435c-a9ee-82726bfb398b', '846f8167-76af-45f2-bc27-2db1132d8c58');
INSERT INTO lesson_topic_tags (lesson_id, topic_tag_id) VALUES ('dcc853e2-a68b-4707-9e4c-a2c62da7ebb1', 'a9375c94-19bf-4f50-8ae9-f764b329ef73');
INSERT INTO lesson_topic_tags (lesson_id, topic_tag_id) VALUES ('dcc853e2-a68b-4707-9e4c-a2c62da7ebb1', 'd89978b9-7e88-48c8-a584-cc2a1c5276da');
INSERT INTO lesson_topic_tags (lesson_id, topic_tag_id) VALUES ('dcc853e2-a68b-4707-9e4c-a2c62da7ebb1', 'bae3d385-8526-4101-9c66-e17425a86cfb');
INSERT INTO lesson_topic_tags (lesson_id, topic_tag_id) VALUES ('dcc853e2-a68b-4707-9e4c-a2c62da7ebb1', 'c6cf2bb3-8323-4203-947c-b1a891a8fccd');
INSERT INTO lesson_topic_tags (lesson_id, topic_tag_id) VALUES ('ed52a359-658b-433e-bba4-0680bf829ff9', 'a9375c94-19bf-4f50-8ae9-f764b329ef73');
INSERT INTO lesson_topic_tags (lesson_id, topic_tag_id) VALUES ('ed52a359-658b-433e-bba4-0680bf829ff9', 'd89978b9-7e88-48c8-a584-cc2a1c5276da');
INSERT INTO lesson_topic_tags (lesson_id, topic_tag_id) VALUES ('ed52a359-658b-433e-bba4-0680bf829ff9', 'bae3d385-8526-4101-9c66-e17425a86cfb');
INSERT INTO lesson_topic_tags (lesson_id, topic_tag_id) VALUES ('ed52a359-658b-433e-bba4-0680bf829ff9', '4f087a41-3e30-4922-8a89-86400ad4442f');
INSERT INTO lesson_topic_tags (lesson_id, topic_tag_id) VALUES ('a54341a4-d901-4ad6-8a4b-a2a943a71bd4', '9fc0454a-c601-4c29-b7c1-a1b81ebb7290');
INSERT INTO lesson_topic_tags (lesson_id, topic_tag_id) VALUES ('a54341a4-d901-4ad6-8a4b-a2a943a71bd4', '8ab1bc2e-7808-4838-809f-243aec3152f8');
INSERT INTO lesson_topic_tags (lesson_id, topic_tag_id) VALUES ('a54341a4-d901-4ad6-8a4b-a2a943a71bd4', 'afb5f84b-c365-4283-b9f1-57e3b6fb4ddc');
INSERT INTO lesson_topic_tags (lesson_id, topic_tag_id) VALUES ('0f92cda0-eff0-42b8-bcb2-1bea9d0f13bc', '9fc0454a-c601-4c29-b7c1-a1b81ebb7290');
INSERT INTO lesson_topic_tags (lesson_id, topic_tag_id) VALUES ('0f92cda0-eff0-42b8-bcb2-1bea9d0f13bc', '8ab1bc2e-7808-4838-809f-243aec3152f8');
INSERT INTO lesson_topic_tags (lesson_id, topic_tag_id) VALUES ('0f92cda0-eff0-42b8-bcb2-1bea9d0f13bc', 'b9299f6b-aaf9-41b3-ba4c-46994a128335');
INSERT INTO lesson_topic_tags (lesson_id, topic_tag_id) VALUES ('fa82e6c5-799d-4610-a465-cdf06f82724b', '9fc0454a-c601-4c29-b7c1-a1b81ebb7290');
INSERT INTO lesson_topic_tags (lesson_id, topic_tag_id) VALUES ('fa82e6c5-799d-4610-a465-cdf06f82724b', 'f29932d2-8bf6-46f1-bb37-fda276e960e3');
INSERT INTO lesson_topic_tags (lesson_id, topic_tag_id) VALUES ('fa82e6c5-799d-4610-a465-cdf06f82724b', '02e23c6b-cc10-4bd7-9902-7076c662be0b');
INSERT INTO lesson_topic_tags (lesson_id, topic_tag_id) VALUES ('e0b1e379-a058-4bf9-970c-225a755f9a07', '9fc0454a-c601-4c29-b7c1-a1b81ebb7290');
INSERT INTO lesson_topic_tags (lesson_id, topic_tag_id) VALUES ('e0b1e379-a058-4bf9-970c-225a755f9a07', 'f29932d2-8bf6-46f1-bb37-fda276e960e3');
INSERT INTO lesson_topic_tags (lesson_id, topic_tag_id) VALUES ('e0b1e379-a058-4bf9-970c-225a755f9a07', '79975fbe-0048-4def-a2dc-2e6b56b746a1');
INSERT INTO lesson_topic_tags (lesson_id, topic_tag_id) VALUES ('e4a8125f-68c4-4d24-b811-6de74f9aa85b', '9fc0454a-c601-4c29-b7c1-a1b81ebb7290');
INSERT INTO lesson_topic_tags (lesson_id, topic_tag_id) VALUES ('e4a8125f-68c4-4d24-b811-6de74f9aa85b', '65635fa2-cd9e-40b7-b44c-7d0b40beb32e');
INSERT INTO lesson_topic_tags (lesson_id, topic_tag_id) VALUES ('e4a8125f-68c4-4d24-b811-6de74f9aa85b', 'c8ddeffe-ce4c-47c0-9b3b-1397d380f7a2');
INSERT INTO lesson_topic_tags (lesson_id, topic_tag_id) VALUES ('962e1229-3cb3-4e52-853b-e565e4aaf88a', '9fc0454a-c601-4c29-b7c1-a1b81ebb7290');
INSERT INTO lesson_topic_tags (lesson_id, topic_tag_id) VALUES ('962e1229-3cb3-4e52-853b-e565e4aaf88a', '65635fa2-cd9e-40b7-b44c-7d0b40beb32e');
INSERT INTO lesson_topic_tags (lesson_id, topic_tag_id) VALUES ('962e1229-3cb3-4e52-853b-e565e4aaf88a', 'b3961119-049f-4b7a-a987-743cc2ab06f5');
INSERT INTO lesson_topic_tags (lesson_id, topic_tag_id) VALUES ('f1b37758-4019-4b8e-8264-ed5a2a5c798f', '9fc0454a-c601-4c29-b7c1-a1b81ebb7290');
INSERT INTO lesson_topic_tags (lesson_id, topic_tag_id) VALUES ('f1b37758-4019-4b8e-8264-ed5a2a5c798f', '2e6283ef-a07b-4907-9dfa-02a4514416fa');
INSERT INTO lesson_topic_tags (lesson_id, topic_tag_id) VALUES ('f1b37758-4019-4b8e-8264-ed5a2a5c798f', '8af6df25-63cb-4d5b-82d3-29b042b619b2');
INSERT INTO lesson_topic_tags (lesson_id, topic_tag_id) VALUES ('9893a3b5-6c9b-4adb-bb79-5170fb6cf62e', '9fc0454a-c601-4c29-b7c1-a1b81ebb7290');
INSERT INTO lesson_topic_tags (lesson_id, topic_tag_id) VALUES ('9893a3b5-6c9b-4adb-bb79-5170fb6cf62e', '2e6283ef-a07b-4907-9dfa-02a4514416fa');
INSERT INTO lesson_topic_tags (lesson_id, topic_tag_id) VALUES ('9893a3b5-6c9b-4adb-bb79-5170fb6cf62e', 'f261ed2b-430d-476f-8910-605d4d116fa8');
INSERT INTO lesson_sections (id, lesson_id, sort_order, section_type, heading, body_markdown, body_plaintext, meta_json) VALUES ('65b31c7b-2df5-492d-bd83-aa1955ece60d', '17f22a38-65fd-490d-a693-7959af870f49', 1, 'paragraph', 'Learning objective', 'Explain what voltage, current, and resistance mean in plain trade language, and use Ohm''s Law to solve simple circuit questions.', 'Explain what voltage, current, and resistance mean in plain trade language, and use Ohm''s Law to solve simple circuit questions.', '{"necReferences":["Article 100"]}'::jsonb);
INSERT INTO lesson_sections (id, lesson_id, sort_order, section_type, heading, body_markdown, body_plaintext, meta_json) VALUES ('2dba875a-bf77-40d4-8ef2-28bc1823eac6', '17f22a38-65fd-490d-a693-7959af870f49', 2, 'paragraph', 'Why this matters', 'If you do not understand how pressure, flow, and opposition work together, later topics like voltage drop, ampacity, and troubleshooting feel random. Apprentice exams use these ideas as the foundation for many basic questions.', 'If you do not understand how pressure, flow, and opposition work together, later topics like voltage drop, ampacity, and troubleshooting feel random. Apprentice exams use these ideas as the foundation for many basic questions.', '{"necReferences":["Article 100"]}'::jsonb);
INSERT INTO lesson_sections (id, lesson_id, sort_order, section_type, heading, body_markdown, body_plaintext, meta_json) VALUES ('078720f5-b41d-4983-90b6-dfce65715d1f', '17f22a38-65fd-490d-a693-7959af870f49', 3, 'paragraph', 'Core explanation', 'Voltage is electrical pressure. Current is the flow of charge. Resistance is anything that slows that flow down. Ohm''s Law ties them together with one simple relationship: voltage equals current times resistance. If you know any two values, you can solve for the third. That is why this formula shows up everywhere from classroom practice to real troubleshooting.', 'Voltage is electrical pressure. Current is the flow of charge. Resistance is anything that slows that flow down. Ohm''s Law ties them together with one simple relationship: voltage equals current times resistance. If you know any two values, you can solve for the third. That is why this formula shows up everywhere from classroom practice to real troubleshooting.', '{"necReferences":["Article 100"]}'::jsonb);
INSERT INTO lesson_sections (id, lesson_id, sort_order, section_type, heading, body_markdown, body_plaintext, meta_json) VALUES ('60dfc0bb-ecf3-4cf4-92aa-fc812c1f02db', '17f22a38-65fd-490d-a693-7959af870f49', 4, 'paragraph', 'Key concepts', 'A higher voltage can push more current through the same resistance. A higher resistance reduces current when voltage stays the same. Units matter: volts for pressure, amps for current, and ohms for resistance. On exams, the trap is often not the math itself but mixing up which value you are solving for.', 'A higher voltage can push more current through the same resistance. A higher resistance reduces current when voltage stays the same. Units matter: volts for pressure, amps for current, and ohms for resistance. On exams, the trap is often not the math itself but mixing up which value you are solving for.', '{"necReferences":["Article 100"]}'::jsonb);
INSERT INTO lesson_sections (id, lesson_id, sort_order, section_type, heading, body_markdown, body_plaintext, meta_json) VALUES ('8c29f13c-e6e6-4e95-8ff5-38b87daf25c8', '17f22a38-65fd-490d-a693-7959af870f49', 5, 'paragraph', 'NEC / code relevance', 'The NEC is not a theory textbook, but Article 100 definitions help you read questions correctly. The code assumes you understand what current, conductors, equipment, and circuits are before you apply installation rules. Learn the physics first, then use the NEC for the installation answer.', 'The NEC is not a theory textbook, but Article 100 definitions help you read questions correctly. The code assumes you understand what current, conductors, equipment, and circuits are before you apply installation rules. Learn the physics first, then use the NEC for the installation answer.', '{"necReferences":["Article 100"]}'::jsonb);
INSERT INTO lesson_sections (id, lesson_id, sort_order, section_type, heading, body_markdown, body_plaintext, meta_json) VALUES ('2e85944b-e26a-465e-b080-091d8b07debd', '17f22a38-65fd-490d-a693-7959af870f49', 6, 'paragraph', 'Practical example', 'A 120-volt circuit feeds a load with 12 ohms of resistance. Current equals 120 divided by 12, so the answer is 10 amps. If the resistance drops to 6 ohms and voltage stays the same, current rises to 20 amps. That simple change shows why faults and low-resistance paths can become dangerous fast.', 'A 120-volt circuit feeds a load with 12 ohms of resistance. Current equals 120 divided by 12, so the answer is 10 amps. If the resistance drops to 6 ohms and voltage stays the same, current rises to 20 amps. That simple change shows why faults and low-resistance paths can become dangerous fast.', '{"necReferences":["Article 100"]}'::jsonb);
INSERT INTO lesson_sections (id, lesson_id, sort_order, section_type, heading, body_markdown, body_plaintext, meta_json) VALUES ('abb6069f-a4fc-4404-bfb0-254ef8e89ef8', '17f22a38-65fd-490d-a693-7959af870f49', 7, 'paragraph', 'Common mistakes', 'Students often treat voltage and current like they are the same thing. They are not. Another common mistake is solving V = I x R backward or forgetting the units. On a timed test, write the formula first so you do not substitute values into the wrong spot.', 'Students often treat voltage and current like they are the same thing. They are not. Another common mistake is solving V = I x R backward or forgetting the units. On a timed test, write the formula first so you do not substitute values into the wrong spot.', '{"necReferences":["Article 100"]}'::jsonb);
INSERT INTO lesson_sections (id, lesson_id, sort_order, section_type, heading, body_markdown, body_plaintext, meta_json) VALUES ('a46eed6a-3d67-49b8-90a2-04f989677fae', '17f22a38-65fd-490d-a693-7959af870f49', 8, 'paragraph', 'Exam insight', 'Expect straightforward calculation questions, missing-value questions, and word problems that describe one value as pressure or flow. If the problem looks long, slow down and identify the two known values before you touch the calculator.', 'Expect straightforward calculation questions, missing-value questions, and word problems that describe one value as pressure or flow. If the problem looks long, slow down and identify the two known values before you touch the calculator.', '{"necReferences":["Article 100"]}'::jsonb);
INSERT INTO lesson_sections (id, lesson_id, sort_order, section_type, heading, body_markdown, body_plaintext, meta_json) VALUES ('2098c4e8-b4c0-47be-861f-3338971e06e8', '17f22a38-65fd-490d-a693-7959af870f49', 9, 'heading', NULL, 'Key Takeaways', 'Key Takeaways', '{}'::jsonb);
INSERT INTO lesson_sections (id, lesson_id, sort_order, section_type, heading, body_markdown, body_plaintext, meta_json) VALUES ('2f14f5d0-cdca-4fd6-a8c6-a22479adbf42', '17f22a38-65fd-490d-a693-7959af870f49', 10, 'bullet', NULL, 'Voltage is the push, current is the flow, and resistance opposes the flow.', 'Voltage is the push, current is the flow, and resistance opposes the flow.', '{}'::jsonb);
INSERT INTO lesson_sections (id, lesson_id, sort_order, section_type, heading, body_markdown, body_plaintext, meta_json) VALUES ('07b8aef3-379f-48ff-b883-efb3b2387e97', '17f22a38-65fd-490d-a693-7959af870f49', 11, 'bullet', NULL, 'Ohm''s Law is V = I x R.', 'Ohm''s Law is V = I x R.', '{}'::jsonb);
INSERT INTO lesson_sections (id, lesson_id, sort_order, section_type, heading, body_markdown, body_plaintext, meta_json) VALUES ('651b0d57-a25e-4cf7-94b0-a68c764049e1', '17f22a38-65fd-490d-a693-7959af870f49', 12, 'bullet', NULL, 'If you know any two values, you can solve for the third.', 'If you know any two values, you can solve for the third.', '{}'::jsonb);
INSERT INTO lesson_sections (id, lesson_id, sort_order, section_type, heading, body_markdown, body_plaintext, meta_json) VALUES ('fc10b2ce-6b86-40a7-aa79-d20da15b5192', '17f22a38-65fd-490d-a693-7959af870f49', 13, 'bullet', NULL, 'Most beginner mistakes come from mixing up units or solving for the wrong value.', 'Most beginner mistakes come from mixing up units or solving for the wrong value.', '{}'::jsonb);
INSERT INTO lesson_sections (id, lesson_id, sort_order, section_type, heading, body_markdown, body_plaintext, meta_json) VALUES ('538d7d68-88c6-4b31-96e1-02c48218cc10', '17f22a38-65fd-490d-a693-7959af870f49', 14, 'heading', NULL, 'Knowledge Check', 'Knowledge Check', '{}'::jsonb);
INSERT INTO lesson_sections (id, lesson_id, sort_order, section_type, heading, body_markdown, body_plaintext, meta_json) VALUES ('fb88f162-1192-451b-8fb4-9dcca5668040', '17f22a38-65fd-490d-a693-7959af870f49', 15, 'callout', 'Question 1', 'A circuit has 240 volts and 20 ohms of resistance. What is the current?', 'A circuit has 240 volts and 20 ohms of resistance. What is the current?', '{}'::jsonb);
INSERT INTO lesson_sections (id, lesson_id, sort_order, section_type, heading, body_markdown, body_plaintext, meta_json) VALUES ('09c5e63e-edcf-4ec3-a97b-40be7e8b552b', '17f22a38-65fd-490d-a693-7959af870f49', 16, 'callout', 'Question 2', 'If current is 8 amps and resistance is 15 ohms, what is the voltage?', 'If current is 8 amps and resistance is 15 ohms, what is the voltage?', '{}'::jsonb);
INSERT INTO lesson_sections (id, lesson_id, sort_order, section_type, heading, body_markdown, body_plaintext, meta_json) VALUES ('94fde8cd-af60-4a34-bfa9-45712a2df39b', '17f22a38-65fd-490d-a693-7959af870f49', 17, 'callout', 'Question 3', 'Why does current increase when resistance drops and voltage stays the same?', 'Why does current increase when resistance drops and voltage stays the same?', '{}'::jsonb);
INSERT INTO lesson_sections (id, lesson_id, sort_order, section_type, heading, body_markdown, body_plaintext, meta_json) VALUES ('1d09206f-60f4-4acd-8be5-650044266d71', '99d41b80-62a0-471b-9879-4c7028a68acd', 1, 'paragraph', 'Learning objective', 'Differentiate power from energy and solve basic watt and watt-hour questions using simple circuit relationships.', 'Differentiate power from energy and solve basic watt and watt-hour questions using simple circuit relationships.', '{"necReferences":["Article 100"]}'::jsonb);
INSERT INTO lesson_sections (id, lesson_id, sort_order, section_type, heading, body_markdown, body_plaintext, meta_json) VALUES ('13c5df73-db3a-4b11-9da5-e9a203c35faa', '99d41b80-62a0-471b-9879-4c7028a68acd', 2, 'paragraph', 'Why this matters', 'Electricians size equipment, compare loads, and think about consumption every day. Exams also use watts and watt-hours to test whether you understand the difference between how fast energy is used and how much energy is used over time.', 'Electricians size equipment, compare loads, and think about consumption every day. Exams also use watts and watt-hours to test whether you understand the difference between how fast energy is used and how much energy is used over time.', '{"necReferences":["Article 100"]}'::jsonb);
INSERT INTO lesson_sections (id, lesson_id, sort_order, section_type, heading, body_markdown, body_plaintext, meta_json) VALUES ('ce280c54-d738-48cb-898a-57f95a0e7565', '99d41b80-62a0-471b-9879-4c7028a68acd', 3, 'paragraph', 'Core explanation', 'Power is the rate at which electrical work is being done. The basic formula is watts equals volts times amps. Energy adds time to that idea. If a piece of equipment uses 1,200 watts for one hour, it uses 1,200 watt-hours, or 1.2 kilowatt-hours. Power answers how fast. Energy answers how much over time.', 'Power is the rate at which electrical work is being done. The basic formula is watts equals volts times amps. Energy adds time to that idea. If a piece of equipment uses 1,200 watts for one hour, it uses 1,200 watt-hours, or 1.2 kilowatt-hours. Power answers how fast. Energy answers how much over time.', '{"necReferences":["Article 100"]}'::jsonb);
INSERT INTO lesson_sections (id, lesson_id, sort_order, section_type, heading, body_markdown, body_plaintext, meta_json) VALUES ('6a77568e-c735-4877-8f59-fbfacba76700', '99d41b80-62a0-471b-9879-4c7028a68acd', 4, 'paragraph', 'Key concepts', 'A load can have high power for a short time or lower power for a long time. Both affect energy use differently. You can also rewrite power formulas with Ohm''s Law, such as P = I squared x R and P = V squared divided by R. On beginner exams, though, the most common form is still P = V x I.', 'A load can have high power for a short time or lower power for a long time. Both affect energy use differently. You can also rewrite power formulas with Ohm''s Law, such as P = I squared x R and P = V squared divided by R. On beginner exams, though, the most common form is still P = V x I.', '{"necReferences":["Article 100"]}'::jsonb);
INSERT INTO lesson_sections (id, lesson_id, sort_order, section_type, heading, body_markdown, body_plaintext, meta_json) VALUES ('af696930-8ac4-409a-86a6-7fa76db146c6', '99d41b80-62a0-471b-9879-4c7028a68acd', 5, 'paragraph', 'NEC / code relevance', 'The NEC uses load calculations built from volt-amperes, watts, and demand concepts. Even when the code question is not written as a physics problem, you still need to understand how power relates to current draw and equipment demand.', 'The NEC uses load calculations built from volt-amperes, watts, and demand concepts. Even when the code question is not written as a physics problem, you still need to understand how power relates to current draw and equipment demand.', '{"necReferences":["Article 100"]}'::jsonb);
INSERT INTO lesson_sections (id, lesson_id, sort_order, section_type, heading, body_markdown, body_plaintext, meta_json) VALUES ('31ecb7cf-6d86-4280-a25f-0e21dddbf3ec', '99d41b80-62a0-471b-9879-4c7028a68acd', 6, 'paragraph', 'Practical example', 'A 120-volt appliance draws 10 amps. Power is 120 times 10, so the appliance uses 1,200 watts. If it runs for 3 hours, it uses 3,600 watt-hours, or 3.6 kilowatt-hours. That same thinking helps when comparing branch-circuit load to breaker size and daily energy use.', 'A 120-volt appliance draws 10 amps. Power is 120 times 10, so the appliance uses 1,200 watts. If it runs for 3 hours, it uses 3,600 watt-hours, or 3.6 kilowatt-hours. That same thinking helps when comparing branch-circuit load to breaker size and daily energy use.', '{"necReferences":["Article 100"]}'::jsonb);
INSERT INTO lesson_sections (id, lesson_id, sort_order, section_type, heading, body_markdown, body_plaintext, meta_json) VALUES ('7a6c660d-3d28-423f-93fc-c392fa138d1d', '99d41b80-62a0-471b-9879-4c7028a68acd', 7, 'paragraph', 'Common mistakes', 'One common mistake is calling watts and watt-hours the same thing. Another is forgetting to convert watt-hours to kilowatt-hours by dividing by 1,000. On tests, watch for answer choices that are numerically close but use the wrong unit.', 'One common mistake is calling watts and watt-hours the same thing. Another is forgetting to convert watt-hours to kilowatt-hours by dividing by 1,000. On tests, watch for answer choices that are numerically close but use the wrong unit.', '{"necReferences":["Article 100"]}'::jsonb);
INSERT INTO lesson_sections (id, lesson_id, sort_order, section_type, heading, body_markdown, body_plaintext, meta_json) VALUES ('f967c3b1-c49b-4536-93b4-7be5feba663d', '99d41b80-62a0-471b-9879-4c7028a68acd', 8, 'paragraph', 'Exam insight', 'Power questions are often short and direct, but they may be mixed into load, motor, or service-sizing problems later. Get comfortable changing between volts, amps, watts, and time without overthinking it.', 'Power questions are often short and direct, but they may be mixed into load, motor, or service-sizing problems later. Get comfortable changing between volts, amps, watts, and time without overthinking it.', '{"necReferences":["Article 100"]}'::jsonb);
INSERT INTO lesson_sections (id, lesson_id, sort_order, section_type, heading, body_markdown, body_plaintext, meta_json) VALUES ('dbfaa692-dfc2-43bc-9c10-fdde389399cc', '99d41b80-62a0-471b-9879-4c7028a68acd', 9, 'heading', NULL, 'Key Takeaways', 'Key Takeaways', '{}'::jsonb);
INSERT INTO lesson_sections (id, lesson_id, sort_order, section_type, heading, body_markdown, body_plaintext, meta_json) VALUES ('572e7550-41d2-48ce-bf9d-074d9e7b6fe3', '99d41b80-62a0-471b-9879-4c7028a68acd', 10, 'bullet', NULL, 'Power tells you the rate of use. Energy tells you use over time.', 'Power tells you the rate of use. Energy tells you use over time.', '{}'::jsonb);
INSERT INTO lesson_sections (id, lesson_id, sort_order, section_type, heading, body_markdown, body_plaintext, meta_json) VALUES ('5b528b13-27ca-42ba-8b0f-337850ba67fd', '99d41b80-62a0-471b-9879-4c7028a68acd', 11, 'bullet', NULL, 'The basic power formula is P = V x I.', 'The basic power formula is P = V x I.', '{}'::jsonb);
INSERT INTO lesson_sections (id, lesson_id, sort_order, section_type, heading, body_markdown, body_plaintext, meta_json) VALUES ('a9f6d8fb-80f6-474a-af1b-cfc14e836f43', '99d41b80-62a0-471b-9879-4c7028a68acd', 12, 'bullet', NULL, 'Kilowatt-hours are watt-hours divided by 1,000.', 'Kilowatt-hours are watt-hours divided by 1,000.', '{}'::jsonb);
INSERT INTO lesson_sections (id, lesson_id, sort_order, section_type, heading, body_markdown, body_plaintext, meta_json) VALUES ('8ec31e99-4390-4697-b9b3-a31f06cda6f9', '99d41b80-62a0-471b-9879-4c7028a68acd', 13, 'bullet', NULL, 'The unit matters as much as the number.', 'The unit matters as much as the number.', '{}'::jsonb);
INSERT INTO lesson_sections (id, lesson_id, sort_order, section_type, heading, body_markdown, body_plaintext, meta_json) VALUES ('d73a8508-35ac-4c66-a97f-1edc7efa9572', '99d41b80-62a0-471b-9879-4c7028a68acd', 14, 'heading', NULL, 'Knowledge Check', 'Knowledge Check', '{}'::jsonb);
INSERT INTO lesson_sections (id, lesson_id, sort_order, section_type, heading, body_markdown, body_plaintext, meta_json) VALUES ('9e474a5c-fe0f-42eb-a48d-a30113b8c4d2', '99d41b80-62a0-471b-9879-4c7028a68acd', 15, 'callout', 'Question 1', 'A 240-volt water heater draws 18 amps. How many watts does it use?', 'A 240-volt water heater draws 18 amps. How many watts does it use?', '{}'::jsonb);
INSERT INTO lesson_sections (id, lesson_id, sort_order, section_type, heading, body_markdown, body_plaintext, meta_json) VALUES ('6f9a1165-f8d4-4dfc-b452-4bbda2bd68aa', '99d41b80-62a0-471b-9879-4c7028a68acd', 16, 'callout', 'Question 2', 'If a 1,500-watt heater runs for 2 hours, how many kilowatt-hours does it use?', 'If a 1,500-watt heater runs for 2 hours, how many kilowatt-hours does it use?', '{}'::jsonb);
INSERT INTO lesson_sections (id, lesson_id, sort_order, section_type, heading, body_markdown, body_plaintext, meta_json) VALUES ('e4a1dad4-3303-4c9c-ba26-ef338091985e', '99d41b80-62a0-471b-9879-4c7028a68acd', 17, 'callout', 'Question 3', 'Why is a watt-hour not the same thing as a watt?', 'Why is a watt-hour not the same thing as a watt?', '{}'::jsonb);
INSERT INTO lesson_sections (id, lesson_id, sort_order, section_type, heading, body_markdown, body_plaintext, meta_json) VALUES ('4c3de6d9-d08b-4a9c-be22-a9717409da93', 'c167d77b-7b7b-44eb-a685-6cf54598948e', 1, 'paragraph', 'Learning objective', 'Identify common electrical hazards and explain the basic safe-work habits that reduce shock, burn, and arc-related risk.', 'Identify common electrical hazards and explain the basic safe-work habits that reduce shock, burn, and arc-related risk.', '{"necReferences":["110.3(B)","110.26"]}'::jsonb);
INSERT INTO lesson_sections (id, lesson_id, sort_order, section_type, heading, body_markdown, body_plaintext, meta_json) VALUES ('c8d7539f-6578-47d2-bf97-2dde9b45a31c', 'c167d77b-7b7b-44eb-a685-6cf54598948e', 2, 'paragraph', 'Why this matters', 'Safety questions are not filler. They test whether you understand the real consequences of bad decisions around energized equipment, poor access, and improper installation. A calm safety mindset protects both test scores and real people.', 'Safety questions are not filler. They test whether you understand the real consequences of bad decisions around energized equipment, poor access, and improper installation. A calm safety mindset protects both test scores and real people.', '{"necReferences":["110.3(B)","110.26"]}'::jsonb);
INSERT INTO lesson_sections (id, lesson_id, sort_order, section_type, heading, body_markdown, body_plaintext, meta_json) VALUES ('02f8316c-681c-4ae7-b9a3-7dc00a150aa8', 'c167d77b-7b7b-44eb-a685-6cf54598948e', 3, 'paragraph', 'Core explanation', 'Electrical hazards usually show up as shock, burn, blast pressure, or fire risk. Shock happens when current travels through the body. Arc-flash hazards involve intense heat and light from an electrical fault. Good safety habits start with planning the task, controlling exposure, and reducing the chance of accidental contact or fault energy.', 'Electrical hazards usually show up as shock, burn, blast pressure, or fire risk. Shock happens when current travels through the body. Arc-flash hazards involve intense heat and light from an electrical fault. Good safety habits start with planning the task, controlling exposure, and reducing the chance of accidental contact or fault energy.', '{"necReferences":["110.3(B)","110.26"]}'::jsonb);
INSERT INTO lesson_sections (id, lesson_id, sort_order, section_type, heading, body_markdown, body_plaintext, meta_json) VALUES ('5aecfa28-e474-4958-aac2-a18083da1512', 'c167d77b-7b7b-44eb-a685-6cf54598948e', 4, 'paragraph', 'Key concepts', 'Hazard recognition means looking for energized parts, damaged insulation, wet conditions, poor housekeeping, and blocked access. Safe work basics include de-energizing when possible, using the right tools, keeping required working space clear, and following equipment instructions. Safety is not one step. It is a chain of correct decisions.', 'Hazard recognition means looking for energized parts, damaged insulation, wet conditions, poor housekeeping, and blocked access. Safe work basics include de-energizing when possible, using the right tools, keeping required working space clear, and following equipment instructions. Safety is not one step. It is a chain of correct decisions.', '{"necReferences":["110.3(B)","110.26"]}'::jsonb);
INSERT INTO lesson_sections (id, lesson_id, sort_order, section_type, heading, body_markdown, body_plaintext, meta_json) VALUES ('0fbb918f-f410-4eab-bb94-46ba86c823c4', 'c167d77b-7b7b-44eb-a685-6cf54598948e', 5, 'paragraph', 'NEC / code relevance', 'NEC 110.26 supports safe access and working space around equipment. NEC 110.3(B) matters because listed equipment has to be installed and used according to its instructions. Many unsafe conditions start when installers ignore the product listing or crowd the workspace around equipment.', 'NEC 110.26 supports safe access and working space around equipment. NEC 110.3(B) matters because listed equipment has to be installed and used according to its instructions. Many unsafe conditions start when installers ignore the product listing or crowd the workspace around equipment.', '{"necReferences":["110.3(B)","110.26"]}'::jsonb);
INSERT INTO lesson_sections (id, lesson_id, sort_order, section_type, heading, body_markdown, body_plaintext, meta_json) VALUES ('53f66443-1e92-427b-842f-2078b3e1aee7', 'c167d77b-7b7b-44eb-a685-6cf54598948e', 6, 'paragraph', 'Practical example', 'A worker opens a panel in a tight storage closet with boxes stacked in front of it. Even before touching a conductor, the setup is unsafe because required access and working space are compromised. Good hazard recognition means stopping before the task begins, not after something goes wrong.', 'A worker opens a panel in a tight storage closet with boxes stacked in front of it. Even before touching a conductor, the setup is unsafe because required access and working space are compromised. Good hazard recognition means stopping before the task begins, not after something goes wrong.', '{"necReferences":["110.26"]}'::jsonb);
INSERT INTO lesson_sections (id, lesson_id, sort_order, section_type, heading, body_markdown, body_plaintext, meta_json) VALUES ('1e1f449f-4132-4f82-bbd4-e022077ed60e', 'c167d77b-7b7b-44eb-a685-6cf54598948e', 7, 'paragraph', 'Common mistakes', 'New learners sometimes think safety only means wearing gloves. PPE matters, but it does not replace planning, de-energizing, verifying, and keeping clear working space. Another mistake is treating near misses like proof that a shortcut is acceptable.', 'New learners sometimes think safety only means wearing gloves. PPE matters, but it does not replace planning, de-energizing, verifying, and keeping clear working space. Another mistake is treating near misses like proof that a shortcut is acceptable.', '{"necReferences":["110.3(B)","110.26"]}'::jsonb);
INSERT INTO lesson_sections (id, lesson_id, sort_order, section_type, heading, body_markdown, body_plaintext, meta_json) VALUES ('2cfcd81a-abfa-4af2-a507-10aeafa89d2b', 'c167d77b-7b7b-44eb-a685-6cf54598948e', 8, 'paragraph', 'Exam insight', 'Expect questions that ask which condition is unsafe, what step should happen first, or why access and labeling matter. Choose the answer that reduces exposure before the work starts, not the answer that reacts after the hazard is already in front of you.', 'Expect questions that ask which condition is unsafe, what step should happen first, or why access and labeling matter. Choose the answer that reduces exposure before the work starts, not the answer that reacts after the hazard is already in front of you.', '{"necReferences":["110.3(B)","110.26"]}'::jsonb);
INSERT INTO lesson_sections (id, lesson_id, sort_order, section_type, heading, body_markdown, body_plaintext, meta_json) VALUES ('c5570563-6705-4810-8aed-af4bfe9ff4c4', 'c167d77b-7b7b-44eb-a685-6cf54598948e', 9, 'heading', NULL, 'Key Takeaways', 'Key Takeaways', '{}'::jsonb);
INSERT INTO lesson_sections (id, lesson_id, sort_order, section_type, heading, body_markdown, body_plaintext, meta_json) VALUES ('f34622e1-648f-4182-9a2e-33e547517eae', 'c167d77b-7b7b-44eb-a685-6cf54598948e', 10, 'bullet', NULL, 'Electrical hazards include shock, burns, arc-flash, blast pressure, and fire risk.', 'Electrical hazards include shock, burns, arc-flash, blast pressure, and fire risk.', '{}'::jsonb);
INSERT INTO lesson_sections (id, lesson_id, sort_order, section_type, heading, body_markdown, body_plaintext, meta_json) VALUES ('42671c2e-b11a-4b1f-9e20-73d7a837f31a', 'c167d77b-7b7b-44eb-a685-6cf54598948e', 11, 'bullet', NULL, 'Safe work starts with planning and hazard recognition.', 'Safe work starts with planning and hazard recognition.', '{}'::jsonb);
INSERT INTO lesson_sections (id, lesson_id, sort_order, section_type, heading, body_markdown, body_plaintext, meta_json) VALUES ('2df24c49-fed8-469a-a22f-34d3ed6378c8', 'c167d77b-7b7b-44eb-a685-6cf54598948e', 12, 'bullet', NULL, 'Working space and listed-equipment instructions are safety issues, not paperwork issues.', 'Working space and listed-equipment instructions are safety issues, not paperwork issues.', '{}'::jsonb);
INSERT INTO lesson_sections (id, lesson_id, sort_order, section_type, heading, body_markdown, body_plaintext, meta_json) VALUES ('a5dc753f-e5cc-4f0a-ac81-2c8d002b4607', 'c167d77b-7b7b-44eb-a685-6cf54598948e', 13, 'bullet', NULL, 'PPE helps, but it does not replace de-energizing and verification.', 'PPE helps, but it does not replace de-energizing and verification.', '{}'::jsonb);
INSERT INTO lesson_sections (id, lesson_id, sort_order, section_type, heading, body_markdown, body_plaintext, meta_json) VALUES ('b31ca5d6-4805-4684-8bd7-2f198a513e05', 'c167d77b-7b7b-44eb-a685-6cf54598948e', 14, 'heading', NULL, 'Knowledge Check', 'Knowledge Check', '{}'::jsonb);
INSERT INTO lesson_sections (id, lesson_id, sort_order, section_type, heading, body_markdown, body_plaintext, meta_json) VALUES ('06279578-ad57-4f72-8c04-83e083018aec', 'c167d77b-7b7b-44eb-a685-6cf54598948e', 15, 'callout', 'Question 1', 'Why is blocked panel access a safety problem even before work begins?', 'Why is blocked panel access a safety problem even before work begins?', '{}'::jsonb);
INSERT INTO lesson_sections (id, lesson_id, sort_order, section_type, heading, body_markdown, body_plaintext, meta_json) VALUES ('bb3e67ad-8bc0-4dfe-8bc7-0c312799277c', 'c167d77b-7b7b-44eb-a685-6cf54598948e', 16, 'callout', 'Question 2', 'What is the difference between a shock hazard and an arc-flash hazard?', 'What is the difference between a shock hazard and an arc-flash hazard?', '{}'::jsonb);
INSERT INTO lesson_sections (id, lesson_id, sort_order, section_type, heading, body_markdown, body_plaintext, meta_json) VALUES ('1e00b9ef-f26f-4949-b022-7e14d38e219f', 'c167d77b-7b7b-44eb-a685-6cf54598948e', 17, 'callout', 'Question 3', 'Which is the safer first move: grab PPE and continue, or stop and correct the unsafe setup?', 'Which is the safer first move: grab PPE and continue, or stop and correct the unsafe setup?', '{}'::jsonb);
INSERT INTO lesson_sections (id, lesson_id, sort_order, section_type, heading, body_markdown, body_plaintext, meta_json) VALUES ('c5b87a8d-9ad9-4b66-8605-d40579c35c2d', '7fd6f5b0-c144-4be6-b93c-af2021f07ad9', 1, 'paragraph', 'Learning objective', 'Explain how current travels through the body, what PPE can and cannot do, and why lockout-style thinking matters before work begins.', 'Explain how current travels through the body, what PPE can and cannot do, and why lockout-style thinking matters before work begins.', '{"necReferences":["110.4","110.27"]}'::jsonb);
INSERT INTO lesson_sections (id, lesson_id, sort_order, section_type, heading, body_markdown, body_plaintext, meta_json) VALUES ('1c5fac68-dffb-4fea-b965-7d11c45a7ec1', '7fd6f5b0-c144-4be6-b93c-af2021f07ad9', 2, 'paragraph', 'Why this matters', 'A lot of injuries happen because someone assumes equipment is off, assumes another worker already made it safe, or assumes gloves alone solve the problem. Exams test that mindset because the real job depends on it.', 'A lot of injuries happen because someone assumes equipment is off, assumes another worker already made it safe, or assumes gloves alone solve the problem. Exams test that mindset because the real job depends on it.', '{"necReferences":["110.27"]}'::jsonb);
INSERT INTO lesson_sections (id, lesson_id, sort_order, section_type, heading, body_markdown, body_plaintext, meta_json) VALUES ('840eaa85-56b2-42b0-ae43-702625b9cc88', '7fd6f5b0-c144-4be6-b93c-af2021f07ad9', 3, 'paragraph', 'Core explanation', 'Current harms the body when it finds a path through tissue. Hand-to-hand and hand-to-foot paths are especially dangerous because they can cross the chest. PPE reduces exposure, but it does not make energized work harmless. Lockout-style thinking means identifying the source, isolating it, preventing unexpected re-energization, and verifying the condition before touching conductors or equipment.', 'Current harms the body when it finds a path through tissue. Hand-to-hand and hand-to-foot paths are especially dangerous because they can cross the chest. PPE reduces exposure, but it does not make energized work harmless. Lockout-style thinking means identifying the source, isolating it, preventing unexpected re-energization, and verifying the condition before touching conductors or equipment.', '{"necReferences":["110.27"]}'::jsonb);
INSERT INTO lesson_sections (id, lesson_id, sort_order, section_type, heading, body_markdown, body_plaintext, meta_json) VALUES ('c74cabf1-91ac-4f57-9bf2-49ccbaabb424', '7fd6f5b0-c144-4be6-b93c-af2021f07ad9', 4, 'paragraph', 'Key concepts', 'Shock severity depends on current, path, time, and conditions such as moisture. PPE is a layer, not permission to be careless. Guarding live parts matters because accidental contact is one of the easiest ways to turn a routine task into an emergency. Safe workers assume nothing until they verify it.', 'Shock severity depends on current, path, time, and conditions such as moisture. PPE is a layer, not permission to be careless. Guarding live parts matters because accidental contact is one of the easiest ways to turn a routine task into an emergency. Safe workers assume nothing until they verify it.', '{"necReferences":["110.4","110.27"]}'::jsonb);
INSERT INTO lesson_sections (id, lesson_id, sort_order, section_type, heading, body_markdown, body_plaintext, meta_json) VALUES ('1d504a6f-95a6-41f5-a30c-e7efe767b128', '7fd6f5b0-c144-4be6-b93c-af2021f07ad9', 5, 'paragraph', 'NEC / code relevance', 'NEC 110.27 requires live parts to be guarded against accidental contact. NEC 110.4 reminds you that voltage level affects how equipment is applied and protected. The NEC does not replace lockout procedures, but it supports the same idea: control exposure to energized parts.', 'NEC 110.27 requires live parts to be guarded against accidental contact. NEC 110.4 reminds you that voltage level affects how equipment is applied and protected. The NEC does not replace lockout procedures, but it supports the same idea: control exposure to energized parts.', '{"necReferences":["110.4","110.27"]}'::jsonb);
INSERT INTO lesson_sections (id, lesson_id, sort_order, section_type, heading, body_markdown, body_plaintext, meta_json) VALUES ('f442ff16-b954-4769-9bf9-62bd73e98b3a', '7fd6f5b0-c144-4be6-b93c-af2021f07ad9', 6, 'paragraph', 'Practical example', 'Imagine a disconnect is switched off, but no one verifies absence of voltage at the load side. A mislabeled source or backfeed can still leave dangerous voltage present. The correct habit is not to trust position alone. It is to isolate, lock or secure when required, and verify.', 'Imagine a disconnect is switched off, but no one verifies absence of voltage at the load side. A mislabeled source or backfeed can still leave dangerous voltage present. The correct habit is not to trust position alone. It is to isolate, lock or secure when required, and verify.', '{"necReferences":["110.27"]}'::jsonb);
INSERT INTO lesson_sections (id, lesson_id, sort_order, section_type, heading, body_markdown, body_plaintext, meta_json) VALUES ('b4abd6e3-ae85-40e5-90dc-56a76bdcdcd3', '7fd6f5b0-c144-4be6-b93c-af2021f07ad9', 7, 'paragraph', 'Common mistakes', 'The biggest mistake is confusing turned off with electrically safe. Another is believing PPE makes direct contact acceptable. Learners also forget that metal ladders, wet hands, and cramped body position can increase the danger of a shock path.', 'The biggest mistake is confusing turned off with electrically safe. Another is believing PPE makes direct contact acceptable. Learners also forget that metal ladders, wet hands, and cramped body position can increase the danger of a shock path.', '{"necReferences":["110.27"]}'::jsonb);
INSERT INTO lesson_sections (id, lesson_id, sort_order, section_type, heading, body_markdown, body_plaintext, meta_json) VALUES ('485a8a52-5307-47e8-b14b-a9c75b05e599', '7fd6f5b0-c144-4be6-b93c-af2021f07ad9', 8, 'paragraph', 'Exam insight', 'On safety questions, the best answer usually includes isolation and verification. If two answers both sound reasonable, choose the one that removes uncertainty instead of the one that simply hopes the circuit is dead.', 'On safety questions, the best answer usually includes isolation and verification. If two answers both sound reasonable, choose the one that removes uncertainty instead of the one that simply hopes the circuit is dead.', '{"necReferences":["110.4","110.27"]}'::jsonb);
INSERT INTO lesson_sections (id, lesson_id, sort_order, section_type, heading, body_markdown, body_plaintext, meta_json) VALUES ('c90981ca-f1bc-4b5c-9154-a62fe0cc7e82', '7fd6f5b0-c144-4be6-b93c-af2021f07ad9', 9, 'heading', NULL, 'Key Takeaways', 'Key Takeaways', '{}'::jsonb);
INSERT INTO lesson_sections (id, lesson_id, sort_order, section_type, heading, body_markdown, body_plaintext, meta_json) VALUES ('4fdcd290-22d7-4084-a4aa-c601102f77b2', '7fd6f5b0-c144-4be6-b93c-af2021f07ad9', 10, 'bullet', NULL, 'Current must have a path, and the body can become that path.', 'Current must have a path, and the body can become that path.', '{}'::jsonb);
INSERT INTO lesson_sections (id, lesson_id, sort_order, section_type, heading, body_markdown, body_plaintext, meta_json) VALUES ('d919b2b1-fac5-4420-81ca-c5085fc96ac2', '7fd6f5b0-c144-4be6-b93c-af2021f07ad9', 11, 'bullet', NULL, 'PPE reduces risk but does not erase it.', 'PPE reduces risk but does not erase it.', '{}'::jsonb);
INSERT INTO lesson_sections (id, lesson_id, sort_order, section_type, heading, body_markdown, body_plaintext, meta_json) VALUES ('2ce47184-7eb0-4fad-90e8-878b29517f4a', '7fd6f5b0-c144-4be6-b93c-af2021f07ad9', 12, 'bullet', NULL, 'Lockout-style thinking means isolate, secure, and verify before touching.', 'Lockout-style thinking means isolate, secure, and verify before touching.', '{}'::jsonb);
INSERT INTO lesson_sections (id, lesson_id, sort_order, section_type, heading, body_markdown, body_plaintext, meta_json) VALUES ('8b96ed81-035a-4ab5-8d69-d2d1ef4ec17e', '7fd6f5b0-c144-4be6-b93c-af2021f07ad9', 13, 'bullet', NULL, 'Never assume equipment is safe just because a switch or disconnect is open.', 'Never assume equipment is safe just because a switch or disconnect is open.', '{}'::jsonb);
INSERT INTO lesson_sections (id, lesson_id, sort_order, section_type, heading, body_markdown, body_plaintext, meta_json) VALUES ('6461757d-ade6-4e1f-b101-b8879281797a', '7fd6f5b0-c144-4be6-b93c-af2021f07ad9', 14, 'heading', NULL, 'Knowledge Check', 'Knowledge Check', '{}'::jsonb);
INSERT INTO lesson_sections (id, lesson_id, sort_order, section_type, heading, body_markdown, body_plaintext, meta_json) VALUES ('9b677f7a-92af-4466-aae4-e918e2f1d637', '7fd6f5b0-c144-4be6-b93c-af2021f07ad9', 15, 'callout', 'Question 1', 'Why is verification more reliable than trusting a disconnect handle position?', 'Why is verification more reliable than trusting a disconnect handle position?', '{}'::jsonb);
INSERT INTO lesson_sections (id, lesson_id, sort_order, section_type, heading, body_markdown, body_plaintext, meta_json) VALUES ('06a71273-5466-4f95-9ec0-71446d4c98bf', '7fd6f5b0-c144-4be6-b93c-af2021f07ad9', 16, 'callout', 'Question 2', 'What body current path is especially dangerous and why?', 'What body current path is especially dangerous and why?', '{}'::jsonb);
INSERT INTO lesson_sections (id, lesson_id, sort_order, section_type, heading, body_markdown, body_plaintext, meta_json) VALUES ('7c950328-7290-47a3-a019-e4768086dd6c', '7fd6f5b0-c144-4be6-b93c-af2021f07ad9', 17, 'callout', 'Question 3', 'What is one major limit of PPE in electrical work?', 'What is one major limit of PPE in electrical work?', '{}'::jsonb);
INSERT INTO lesson_sections (id, lesson_id, sort_order, section_type, heading, body_markdown, body_plaintext, meta_json) VALUES ('1af16105-0525-4eab-a1fa-fe37434b3a2e', '222483b9-7334-4522-bedb-2a293728377c', 1, 'paragraph', 'Learning objective', 'Describe how the NEC is arranged so you can move through chapters, articles, parts, and definitions without getting lost.', 'Describe how the NEC is arranged so you can move through chapters, articles, parts, and definitions without getting lost.', '{"necReferences":["90.1","90.3","Article 100"]}'::jsonb);
INSERT INTO lesson_sections (id, lesson_id, sort_order, section_type, heading, body_markdown, body_plaintext, meta_json) VALUES ('8f2f1eb6-7d31-4613-a524-2a30d250013b', '222483b9-7334-4522-bedb-2a293728377c', 2, 'paragraph', 'Why this matters', 'Open-book exam speed does not come from memorizing every section. It comes from knowing where a topic usually lives and how the code is organized. That skill saves time on the job too.', 'Open-book exam speed does not come from memorizing every section. It comes from knowing where a topic usually lives and how the code is organized. That skill saves time on the job too.', '{"necReferences":["90.3"]}'::jsonb);
INSERT INTO lesson_sections (id, lesson_id, sort_order, section_type, heading, body_markdown, body_plaintext, meta_json) VALUES ('29d1a577-89ea-4fed-a73c-493d2fcb8fa5', '222483b9-7334-4522-bedb-2a293728377c', 3, 'paragraph', 'Core explanation', 'The NEC is organized by chapters, then articles, then sections and subsections. Chapter 1 covers general rules. Chapters 2 through 4 cover wiring and equipment. Chapters 5 through 7 can modify or add special rules. Article 100 holds definitions. Informational notes can help understanding, but they are not the same as enforceable rules.', 'The NEC is organized by chapters, then articles, then sections and subsections. Chapter 1 covers general rules. Chapters 2 through 4 cover wiring and equipment. Chapters 5 through 7 can modify or add special rules. Article 100 holds definitions. Informational notes can help understanding, but they are not the same as enforceable rules.', '{"necReferences":["90.1","90.3","Article 100"]}'::jsonb);
INSERT INTO lesson_sections (id, lesson_id, sort_order, section_type, heading, body_markdown, body_plaintext, meta_json) VALUES ('65720862-c125-47b1-9c68-c27cf1eac38f', '222483b9-7334-4522-bedb-2a293728377c', 4, 'paragraph', 'Key concepts', 'Read the article title first because it tells you the subject. Read the section number carefully because small number changes can mean a completely different rule. Learn the difference between an article, a part, a table, an exception, and an informational note. Code users lose time when they skim structure instead of reading it.', 'Read the article title first because it tells you the subject. Read the section number carefully because small number changes can mean a completely different rule. Learn the difference between an article, a part, a table, an exception, and an informational note. Code users lose time when they skim structure instead of reading it.', '{"necReferences":["90.3","Article 100"]}'::jsonb);
INSERT INTO lesson_sections (id, lesson_id, sort_order, section_type, heading, body_markdown, body_plaintext, meta_json) VALUES ('8d610df9-103e-4126-a977-ed25d5589ffe', '222483b9-7334-4522-bedb-2a293728377c', 5, 'paragraph', 'NEC / code relevance', 'NEC 90.1 explains the practical purpose of the code. NEC 90.3 explains how the chapters interact. Article 100 is critical because defined terms control how later rules are read. If you ignore the structure, you often end up in the wrong answer path.', 'NEC 90.1 explains the practical purpose of the code. NEC 90.3 explains how the chapters interact. Article 100 is critical because defined terms control how later rules are read. If you ignore the structure, you often end up in the wrong answer path.', '{"necReferences":["90.1","90.3","Article 100"]}'::jsonb);
INSERT INTO lesson_sections (id, lesson_id, sort_order, section_type, heading, body_markdown, body_plaintext, meta_json) VALUES ('52b8de2c-a1e3-44e6-bbc7-448693254b2c', '222483b9-7334-4522-bedb-2a293728377c', 6, 'paragraph', 'Practical example', 'A question asks about a required disconnect location. A strong code user first identifies the equipment type, then goes to the relevant article, then checks whether a special occupancy article changes the general rule. That is much faster than flipping pages at random.', 'A question asks about a required disconnect location. A strong code user first identifies the equipment type, then goes to the relevant article, then checks whether a special occupancy article changes the general rule. That is much faster than flipping pages at random.', '{"necReferences":["90.3","Article 100"]}'::jsonb);
INSERT INTO lesson_sections (id, lesson_id, sort_order, section_type, heading, body_markdown, body_plaintext, meta_json) VALUES ('f0ff5dd3-36e0-4419-96a5-2fcd41563fbd', '222483b9-7334-4522-bedb-2a293728377c', 7, 'paragraph', 'Common mistakes', 'One common mistake is treating informational notes like direct requirements. Another is skipping definitions and jumping straight to an installation rule. Students also forget that special chapters can override earlier general rules.', 'One common mistake is treating informational notes like direct requirements. Another is skipping definitions and jumping straight to an installation rule. Students also forget that special chapters can override earlier general rules.', '{"necReferences":["90.3","Article 100"]}'::jsonb);
INSERT INTO lesson_sections (id, lesson_id, sort_order, section_type, heading, body_markdown, body_plaintext, meta_json) VALUES ('7d52c60b-40be-4042-8a41-1b8dcb01c8b0', '222483b9-7334-4522-bedb-2a293728377c', 8, 'paragraph', 'Exam insight', 'Expect simple structure questions early and hidden structure questions later. A problem may look like a branch-circuit question but actually turn on a definition or a special rule in another chapter.', 'Expect simple structure questions early and hidden structure questions later. A problem may look like a branch-circuit question but actually turn on a definition or a special rule in another chapter.', '{"necReferences":["90.1","90.3","Article 100"]}'::jsonb);
INSERT INTO lesson_sections (id, lesson_id, sort_order, section_type, heading, body_markdown, body_plaintext, meta_json) VALUES ('9a891082-3989-4a9b-a806-fbe1bd11ee51', '222483b9-7334-4522-bedb-2a293728377c', 9, 'heading', NULL, 'Key Takeaways', 'Key Takeaways', '{}'::jsonb);
INSERT INTO lesson_sections (id, lesson_id, sort_order, section_type, heading, body_markdown, body_plaintext, meta_json) VALUES ('8029d21a-db39-48d4-bd87-70c322aadc90', '222483b9-7334-4522-bedb-2a293728377c', 10, 'bullet', NULL, 'The NEC is organized by chapters, articles, sections, and subsections.', 'The NEC is organized by chapters, articles, sections, and subsections.', '{}'::jsonb);
INSERT INTO lesson_sections (id, lesson_id, sort_order, section_type, heading, body_markdown, body_plaintext, meta_json) VALUES ('48010094-589d-44a9-9237-9cfd52ca188d', '222483b9-7334-4522-bedb-2a293728377c', 11, 'bullet', NULL, 'Article 100 is the definition hub for the code.', 'Article 100 is the definition hub for the code.', '{}'::jsonb);
INSERT INTO lesson_sections (id, lesson_id, sort_order, section_type, heading, body_markdown, body_plaintext, meta_json) VALUES ('4a15b861-d359-4900-a3fa-c3c0f0a57867', '222483b9-7334-4522-bedb-2a293728377c', 12, 'bullet', NULL, 'Special chapters can modify general rules.', 'Special chapters can modify general rules.', '{}'::jsonb);
INSERT INTO lesson_sections (id, lesson_id, sort_order, section_type, heading, body_markdown, body_plaintext, meta_json) VALUES ('764a1338-0dac-411d-ab52-4b6f65290e7c', '222483b9-7334-4522-bedb-2a293728377c', 13, 'bullet', NULL, 'Informational notes help understanding but are not the same as enforceable text.', 'Informational notes help understanding but are not the same as enforceable text.', '{}'::jsonb);
INSERT INTO lesson_sections (id, lesson_id, sort_order, section_type, heading, body_markdown, body_plaintext, meta_json) VALUES ('a217f85c-b444-4202-a73a-d9ee3ffee2b3', '222483b9-7334-4522-bedb-2a293728377c', 14, 'heading', NULL, 'Knowledge Check', 'Knowledge Check', '{}'::jsonb);
INSERT INTO lesson_sections (id, lesson_id, sort_order, section_type, heading, body_markdown, body_plaintext, meta_json) VALUES ('657a169e-c8a1-406f-b5d4-e369c637c56e', '222483b9-7334-4522-bedb-2a293728377c', 15, 'callout', 'Question 1', 'What is the first place to check when a code question depends on a defined term?', 'What is the first place to check when a code question depends on a defined term?', '{}'::jsonb);
INSERT INTO lesson_sections (id, lesson_id, sort_order, section_type, heading, body_markdown, body_plaintext, meta_json) VALUES ('046eb964-36fc-498c-aab8-1f70e1e0f41c', '222483b9-7334-4522-bedb-2a293728377c', 16, 'callout', 'Question 2', 'Why does NEC 90.3 matter during open-book exams?', 'Why does NEC 90.3 matter during open-book exams?', '{}'::jsonb);
INSERT INTO lesson_sections (id, lesson_id, sort_order, section_type, heading, body_markdown, body_plaintext, meta_json) VALUES ('e0aa7b46-4140-4e72-af8b-a461dd9279e9', '222483b9-7334-4522-bedb-2a293728377c', 17, 'callout', 'Question 3', 'What is the difference between an enforceable rule and an informational note?', 'What is the difference between an enforceable rule and an informational note?', '{}'::jsonb);
INSERT INTO lesson_sections (id, lesson_id, sort_order, section_type, heading, body_markdown, body_plaintext, meta_json) VALUES ('55d638a1-313a-4f5f-8de9-d5ef26833f0a', '2be6d8d4-ff37-4d29-a935-bca89d99ff50', 1, 'paragraph', 'Learning objective', 'Use a repeatable code-lookup process that starts with definitions, moves to the governing rule, and then checks general installation requirements.', 'Use a repeatable code-lookup process that starts with definitions, moves to the governing rule, and then checks general installation requirements.', '{"necReferences":["Article 100","110.1"]}'::jsonb);
INSERT INTO lesson_sections (id, lesson_id, sort_order, section_type, heading, body_markdown, body_plaintext, meta_json) VALUES ('89bf33d9-e62b-41cf-968a-22e9113b2f89', '2be6d8d4-ff37-4d29-a935-bca89d99ff50', 2, 'paragraph', 'Why this matters', 'Many apprentice candidates know the topic but still miss the question because they searched in the wrong order. A repeatable lookup process turns open-book exams into a navigation problem instead of a panic problem.', 'Many apprentice candidates know the topic but still miss the question because they searched in the wrong order. A repeatable lookup process turns open-book exams into a navigation problem instead of a panic problem.', '{"necReferences":["90.3","Article 100"]}'::jsonb);
INSERT INTO lesson_sections (id, lesson_id, sort_order, section_type, heading, body_markdown, body_plaintext, meta_json) VALUES ('97b83d48-0120-4473-99bf-521e4e74b2b3', '2be6d8d4-ff37-4d29-a935-bca89d99ff50', 3, 'paragraph', 'Core explanation', 'Start by asking what the question is really about. If the answer depends on the meaning of a term, go to Article 100 first. Then move to the article that governs the installation itself. After that, check whether Chapter 1 or another general requirement article adds conditions about approval, listing, access, guarding, or workspace. This order keeps your search tight and logical.', 'Start by asking what the question is really about. If the answer depends on the meaning of a term, go to Article 100 first. Then move to the article that governs the installation itself. After that, check whether Chapter 1 or another general requirement article adds conditions about approval, listing, access, guarding, or workspace. This order keeps your search tight and logical.', '{"necReferences":["90.3","Article 100","110.1"]}'::jsonb);
INSERT INTO lesson_sections (id, lesson_id, sort_order, section_type, heading, body_markdown, body_plaintext, meta_json) VALUES ('44f17988-9077-428a-9f53-bf061c91c940', '2be6d8d4-ff37-4d29-a935-bca89d99ff50', 4, 'paragraph', 'Key concepts', 'Definitions tell you what the code means by a word. The rule article tells you what must be done. General requirements often tell you how the installation must be applied, approved, or accessed. Strong code users move in that order instead of flipping randomly between chapters.', 'Definitions tell you what the code means by a word. The rule article tells you what must be done. General requirements often tell you how the installation must be applied, approved, or accessed. Strong code users move in that order instead of flipping randomly between chapters.', '{"necReferences":["Article 100","110.1","110.3(B)"]}'::jsonb);
INSERT INTO lesson_sections (id, lesson_id, sort_order, section_type, heading, body_markdown, body_plaintext, meta_json) VALUES ('d25c043a-9915-4c67-b9a1-d089e3a447a8', '2be6d8d4-ff37-4d29-a935-bca89d99ff50', 5, 'paragraph', 'NEC / code relevance', 'Article 100 is the first stop for defined terms. NEC 110.1 and related sections matter because many installation questions also depend on listing, workmanship, guarding, or workspace. NEC 90.3 reminds you to notice whether a special rule changes the general path.', 'Article 100 is the first stop for defined terms. NEC 110.1 and related sections matter because many installation questions also depend on listing, workmanship, guarding, or workspace. NEC 90.3 reminds you to notice whether a special rule changes the general path.', '{"necReferences":["90.3","Article 100","110.1","110.3(B)","110.26"]}'::jsonb);
INSERT INTO lesson_sections (id, lesson_id, sort_order, section_type, heading, body_markdown, body_plaintext, meta_json) VALUES ('99fd27fe-6998-4ab6-8dff-4338fec590d6', '2be6d8d4-ff37-4d29-a935-bca89d99ff50', 6, 'paragraph', 'Practical example', 'Suppose a question uses the term readily accessible and asks about equipment placement. First confirm the term in Article 100. Next find the installation article for the equipment involved. Then check Article 110 for access, guarding, and workspace issues that may affect the final answer.', 'Suppose a question uses the term readily accessible and asks about equipment placement. First confirm the term in Article 100. Next find the installation article for the equipment involved. Then check Article 110 for access, guarding, and workspace issues that may affect the final answer.', '{"necReferences":["Article 100","110.26"]}'::jsonb);
INSERT INTO lesson_sections (id, lesson_id, sort_order, section_type, heading, body_markdown, body_plaintext, meta_json) VALUES ('87835229-c286-46b9-ac58-d630d33d7979', '2be6d8d4-ff37-4d29-a935-bca89d99ff50', 7, 'paragraph', 'Common mistakes', 'The most common mistake is starting with a guess instead of a term. Another is finding a promising rule and stopping too soon without checking for a general requirement or special exception. Students also waste time by not reading article titles carefully.', 'The most common mistake is starting with a guess instead of a term. Another is finding a promising rule and stopping too soon without checking for a general requirement or special exception. Students also waste time by not reading article titles carefully.', '{"necReferences":["90.3","110.3(B)","110.26"]}'::jsonb);
INSERT INTO lesson_sections (id, lesson_id, sort_order, section_type, heading, body_markdown, body_plaintext, meta_json) VALUES ('26e59a9d-e154-4827-9db4-a295eea2dcdc', '2be6d8d4-ff37-4d29-a935-bca89d99ff50', 8, 'paragraph', 'Exam insight', 'This lesson is really about speed and accuracy together. When answer choices are close, the student who checked the term first usually beats the student who guessed from memory.', 'This lesson is really about speed and accuracy together. When answer choices are close, the student who checked the term first usually beats the student who guessed from memory.', '{"necReferences":["Article 100","110.1"]}'::jsonb);
INSERT INTO lesson_sections (id, lesson_id, sort_order, section_type, heading, body_markdown, body_plaintext, meta_json) VALUES ('3e11aef0-54c4-4c68-861f-797b8ce8a30b', '2be6d8d4-ff37-4d29-a935-bca89d99ff50', 9, 'heading', NULL, 'Key Takeaways', 'Key Takeaways', '{}'::jsonb);
INSERT INTO lesson_sections (id, lesson_id, sort_order, section_type, heading, body_markdown, body_plaintext, meta_json) VALUES ('2b6b831d-2dc5-4a43-b953-c0212eb3a483', '2be6d8d4-ff37-4d29-a935-bca89d99ff50', 10, 'bullet', NULL, 'Definitions first, governing rule second, general requirements third.', 'Definitions first, governing rule second, general requirements third.', '{}'::jsonb);
INSERT INTO lesson_sections (id, lesson_id, sort_order, section_type, heading, body_markdown, body_plaintext, meta_json) VALUES ('4870a81b-48f9-40b8-8b3d-efb0d9f8c1c0', '2be6d8d4-ff37-4d29-a935-bca89d99ff50', 11, 'bullet', NULL, 'A repeatable search order is faster than flipping pages randomly.', 'A repeatable search order is faster than flipping pages randomly.', '{}'::jsonb);
INSERT INTO lesson_sections (id, lesson_id, sort_order, section_type, heading, body_markdown, body_plaintext, meta_json) VALUES ('b6618128-f0a7-417e-991b-6a65f7d20113', '2be6d8d4-ff37-4d29-a935-bca89d99ff50', 12, 'bullet', NULL, 'Article 110 often adds installation conditions that matter to the final answer.', 'Article 110 often adds installation conditions that matter to the final answer.', '{}'::jsonb);
INSERT INTO lesson_sections (id, lesson_id, sort_order, section_type, heading, body_markdown, body_plaintext, meta_json) VALUES ('5e247eab-53be-4330-b6e0-f082181e6472', '2be6d8d4-ff37-4d29-a935-bca89d99ff50', 13, 'bullet', NULL, 'Careful code navigation reduces both time loss and misread questions.', 'Careful code navigation reduces both time loss and misread questions.', '{}'::jsonb);
INSERT INTO lesson_sections (id, lesson_id, sort_order, section_type, heading, body_markdown, body_plaintext, meta_json) VALUES ('2b1b9ed8-1b86-4efe-8d86-c79abea47be6', '2be6d8d4-ff37-4d29-a935-bca89d99ff50', 14, 'heading', NULL, 'Knowledge Check', 'Knowledge Check', '{}'::jsonb);
INSERT INTO lesson_sections (id, lesson_id, sort_order, section_type, heading, body_markdown, body_plaintext, meta_json) VALUES ('8c2b3873-a358-4906-af62-aac3e360be02', '2be6d8d4-ff37-4d29-a935-bca89d99ff50', 15, 'callout', 'Question 1', 'If a question depends on the meaning of readily accessible, where should you start?', 'If a question depends on the meaning of readily accessible, where should you start?', '{}'::jsonb);
INSERT INTO lesson_sections (id, lesson_id, sort_order, section_type, heading, body_markdown, body_plaintext, meta_json) VALUES ('839dea35-3fbb-4716-bc88-43f2783ab34b', '2be6d8d4-ff37-4d29-a935-bca89d99ff50', 16, 'callout', 'Question 2', 'After you find the installation article, what general article often deserves a quick check?', 'After you find the installation article, what general article often deserves a quick check?', '{}'::jsonb);
INSERT INTO lesson_sections (id, lesson_id, sort_order, section_type, heading, body_markdown, body_plaintext, meta_json) VALUES ('14242c30-a340-43b1-85af-e0d0f8c654a6', '2be6d8d4-ff37-4d29-a935-bca89d99ff50', 17, 'callout', 'Question 3', 'Why is a repeatable lookup process better than searching from memory alone?', 'Why is a repeatable lookup process better than searching from memory alone?', '{}'::jsonb);
INSERT INTO lesson_sections (id, lesson_id, sort_order, section_type, heading, body_markdown, body_plaintext, meta_json) VALUES ('90fb0400-acff-4447-a0ae-a789a03ceb96', 'e7f99f77-30e4-464e-9ede-d016be784019', 1, 'paragraph', 'Learning objective', 'Recognize common wiring methods and box-related rules so you can match materials to the installation and avoid basic support and fill mistakes.', 'Recognize common wiring methods and box-related rules so you can match materials to the installation and avoid basic support and fill mistakes.', '{"necReferences":["300.11","314.16"]}'::jsonb);
INSERT INTO lesson_sections (id, lesson_id, sort_order, section_type, heading, body_markdown, body_plaintext, meta_json) VALUES ('70d7b65a-acab-4a1a-8158-af9477ba0b66', 'e7f99f77-30e4-464e-9ede-d016be784019', 2, 'paragraph', 'Why this matters', 'Apprentice exams often mix material recognition with simple rule application. On the job, the wrong raceway, cable assembly, or box size can create support problems, overcrowded splices, and failed inspections before the system is even energized.', 'Apprentice exams often mix material recognition with simple rule application. On the job, the wrong raceway, cable assembly, or box size can create support problems, overcrowded splices, and failed inspections before the system is even energized.', '{"necReferences":["300.11","314.16"]}'::jsonb);
INSERT INTO lesson_sections (id, lesson_id, sort_order, section_type, heading, body_markdown, body_plaintext, meta_json) VALUES ('767b6894-6831-41b0-9459-387b9906e292', 'e7f99f77-30e4-464e-9ede-d016be784019', 3, 'paragraph', 'Core explanation', 'Raceways such as EMT, PVC, and rigid conduit protect conductors and give you a defined wiring path. Cable assemblies such as NM-B and MC package conductors inside one listed product. Boxes enclose splices, devices, and terminations. The right choice depends on the location, the kind of protection needed, how the wiring will be supported, and how much conductor volume the box must handle.', 'Raceways such as EMT, PVC, and rigid conduit protect conductors and give you a defined wiring path. Cable assemblies such as NM-B and MC package conductors inside one listed product. Boxes enclose splices, devices, and terminations. The right choice depends on the location, the kind of protection needed, how the wiring will be supported, and how much conductor volume the box must handle.', '{"necReferences":["300.11","314.16"]}'::jsonb);
INSERT INTO lesson_sections (id, lesson_id, sort_order, section_type, heading, body_markdown, body_plaintext, meta_json) VALUES ('40c5faff-ce42-420a-bcb3-210328466f64', 'e7f99f77-30e4-464e-9ede-d016be784019', 4, 'paragraph', 'Key concepts', 'Do not treat all wiring methods as interchangeable. Some methods are better for exposed work, some for concealed work, and some for wet, damp, or corrosive conditions. Box fill is also more than physical fit. Each insulated conductor counts, all equipment grounds together count as one volume allowance, and devices or internal clamps can add more volume to the calculation.', 'Do not treat all wiring methods as interchangeable. Some methods are better for exposed work, some for concealed work, and some for wet, damp, or corrosive conditions. Box fill is also more than physical fit. Each insulated conductor counts, all equipment grounds together count as one volume allowance, and devices or internal clamps can add more volume to the calculation.', '{"necReferences":["300.11","314.16"]}'::jsonb);
INSERT INTO lesson_sections (id, lesson_id, sort_order, section_type, heading, body_markdown, body_plaintext, meta_json) VALUES ('dd5dd63a-b1ac-4e06-a80e-4ed146fd9525', 'e7f99f77-30e4-464e-9ede-d016be784019', 5, 'paragraph', 'NEC / code relevance', 'NEC 300.11 covers securing and supporting raceways, cable assemblies, and boxes. NEC 314.16 covers box fill. Together they test whether you understand both the outside of the installation and the inside of the box.', 'NEC 300.11 covers securing and supporting raceways, cable assemblies, and boxes. NEC 314.16 covers box fill. Together they test whether you understand both the outside of the installation and the inside of the box.', '{"necReferences":["300.11","314.16"]}'::jsonb);
INSERT INTO lesson_sections (id, lesson_id, sort_order, section_type, heading, body_markdown, body_plaintext, meta_json) VALUES ('561fcb7a-e7ce-4d35-a131-4b8bfe10e0d6', 'e7f99f77-30e4-464e-9ede-d016be784019', 6, 'paragraph', 'Practical example', 'A switch box may look roomy until you count two current-carrying conductors, a switched leg, all grounds together, an internal clamp, and the device yoke. The switch might still fit physically, but the code answer depends on the conductor-volume count, not on whether you can force the device into the opening.', 'A switch box may look roomy until you count two current-carrying conductors, a switched leg, all grounds together, an internal clamp, and the device yoke. The switch might still fit physically, but the code answer depends on the conductor-volume count, not on whether you can force the device into the opening.', '{"necReferences":["314.16"]}'::jsonb);
INSERT INTO lesson_sections (id, lesson_id, sort_order, section_type, heading, body_markdown, body_plaintext, meta_json) VALUES ('617f6a08-045e-4f0c-826f-3dc3a44e7028', 'e7f99f77-30e4-464e-9ede-d016be784019', 7, 'paragraph', 'Common mistakes', 'A common mistake is choosing the wiring method by habit instead of by location. Another is assuming a bigger-looking box is automatically compliant. Exam problems often hide the real answer inside support details, conductor count, clamps, or device yokes.', 'A common mistake is choosing the wiring method by habit instead of by location. Another is assuming a bigger-looking box is automatically compliant. Exam problems often hide the real answer inside support details, conductor count, clamps, or device yokes.', '{"necReferences":["300.11","314.16"]}'::jsonb);
INSERT INTO lesson_sections (id, lesson_id, sort_order, section_type, heading, body_markdown, body_plaintext, meta_json) VALUES ('fe9c7ce4-2938-4fb0-b194-0876e70d5ce8', 'e7f99f77-30e4-464e-9ede-d016be784019', 8, 'paragraph', 'Exam insight', 'Slow down when the question mentions support, concealed versus exposed work, clamps, grounds, or devices in the same box. Those small details usually decide whether the tested concept is permitted use, support, or box fill.', 'Slow down when the question mentions support, concealed versus exposed work, clamps, grounds, or devices in the same box. Those small details usually decide whether the tested concept is permitted use, support, or box fill.', '{"necReferences":["300.11","314.16"]}'::jsonb);
INSERT INTO lesson_sections (id, lesson_id, sort_order, section_type, heading, body_markdown, body_plaintext, meta_json) VALUES ('1849a230-d556-4f4e-aba4-6bb92dfafd34', 'e7f99f77-30e4-464e-9ede-d016be784019', 9, 'heading', NULL, 'Key Takeaways', 'Key Takeaways', '{}'::jsonb);
INSERT INTO lesson_sections (id, lesson_id, sort_order, section_type, heading, body_markdown, body_plaintext, meta_json) VALUES ('fe80f2db-e745-4c76-8be8-b12396858187', 'e7f99f77-30e4-464e-9ede-d016be784019', 10, 'bullet', NULL, 'Raceways, cable assemblies, and boxes each solve different installation problems.', 'Raceways, cable assemblies, and boxes each solve different installation problems.', '{}'::jsonb);
INSERT INTO lesson_sections (id, lesson_id, sort_order, section_type, heading, body_markdown, body_plaintext, meta_json) VALUES ('91b39420-32c4-4015-8e0d-f57b7e0b974c', 'e7f99f77-30e4-464e-9ede-d016be784019', 11, 'bullet', NULL, 'Support rules and box-fill rules are both practical Chapter 3 topics.', 'Support rules and box-fill rules are both practical Chapter 3 topics.', '{}'::jsonb);
INSERT INTO lesson_sections (id, lesson_id, sort_order, section_type, heading, body_markdown, body_plaintext, meta_json) VALUES ('5e8c3670-d16d-4499-bb55-7cc56874941a', 'e7f99f77-30e4-464e-9ede-d016be784019', 12, 'bullet', NULL, 'Physical fit is not the same thing as code-compliant box volume.', 'Physical fit is not the same thing as code-compliant box volume.', '{}'::jsonb);
INSERT INTO lesson_sections (id, lesson_id, sort_order, section_type, heading, body_markdown, body_plaintext, meta_json) VALUES ('b7c9dc59-088d-45e6-b8e3-bb5d2c3c7ad2', 'e7f99f77-30e4-464e-9ede-d016be784019', 13, 'bullet', NULL, 'Small details like clamps, grounds, and device yokes can change the correct answer.', 'Small details like clamps, grounds, and device yokes can change the correct answer.', '{}'::jsonb);
INSERT INTO lesson_sections (id, lesson_id, sort_order, section_type, heading, body_markdown, body_plaintext, meta_json) VALUES ('dbb18529-0e61-4a82-8a9a-40ce73e2958a', 'e7f99f77-30e4-464e-9ede-d016be784019', 14, 'heading', NULL, 'Knowledge Check', 'Knowledge Check', '{}'::jsonb);
INSERT INTO lesson_sections (id, lesson_id, sort_order, section_type, heading, body_markdown, body_plaintext, meta_json) VALUES ('99417f91-c5ee-48d0-9379-3545ea93939c', 'e7f99f77-30e4-464e-9ede-d016be784019', 15, 'callout', 'Question 1', 'Why can a box fail the code even when the switch or receptacle still fits inside it?', 'Why can a box fail the code even when the switch or receptacle still fits inside it?', '{}'::jsonb);
INSERT INTO lesson_sections (id, lesson_id, sort_order, section_type, heading, body_markdown, body_plaintext, meta_json) VALUES ('90212311-fca5-4d8c-b9c7-9122b0b9d893', 'e7f99f77-30e4-464e-9ede-d016be784019', 16, 'callout', 'Question 2', 'What is one practical difference between choosing a raceway and choosing a cable assembly?', 'What is one practical difference between choosing a raceway and choosing a cable assembly?', '{}'::jsonb);
INSERT INTO lesson_sections (id, lesson_id, sort_order, section_type, heading, body_markdown, body_plaintext, meta_json) VALUES ('43234e2b-1687-43c9-a6f5-9778e9e2f746', 'e7f99f77-30e4-464e-9ede-d016be784019', 17, 'callout', 'Question 3', 'When a question mentions support, clamps, and conductors in the same setup, what should you slow down and identify first?', 'When a question mentions support, clamps, and conductors in the same setup, what should you slow down and identify first?', '{}'::jsonb);
INSERT INTO lesson_sections (id, lesson_id, sort_order, section_type, heading, body_markdown, body_plaintext, meta_json) VALUES ('2f98ebee-a082-4afe-a5b8-8964ab428401', 'a634384e-cd8a-4305-acc1-7001313e16c9', 1, 'paragraph', 'Learning objective', 'Read conductor sizing tables with more confidence and understand how insulation rating, terminal limits, and ampacity relate to one another.', 'Read conductor sizing tables with more confidence and understand how insulation rating, terminal limits, and ampacity relate to one another.', '{"necReferences":["310.14","310.16"]}'::jsonb);
INSERT INTO lesson_sections (id, lesson_id, sort_order, section_type, heading, body_markdown, body_plaintext, meta_json) VALUES ('562f1764-f17d-4156-9713-542b9e2f435e', 'a634384e-cd8a-4305-acc1-7001313e16c9', 2, 'paragraph', 'Why this matters', 'Wire sizing is one of the first places where new learners feel buried by tables. Exams reward students who know what the table is actually telling them and what conditions can reduce the usable ampacity.', 'Wire sizing is one of the first places where new learners feel buried by tables. Exams reward students who know what the table is actually telling them and what conditions can reduce the usable ampacity.', '{"necReferences":["310.14","310.16"]}'::jsonb);
INSERT INTO lesson_sections (id, lesson_id, sort_order, section_type, heading, body_markdown, body_plaintext, meta_json) VALUES ('48181581-275d-4625-90ff-b55b8b67ddf5', 'a634384e-cd8a-4305-acc1-7001313e16c9', 3, 'paragraph', 'Core explanation', 'Ampacity is the amount of current a conductor can carry continuously under stated conditions without exceeding its temperature rating. NEC Table 310.16 gives base ampacity values, but you still have to read the row and the temperature columns correctly. Material, conductor size, insulation rating, termination limits, and conditions of use all matter before you call the answer final.', 'Ampacity is the amount of current a conductor can carry continuously under stated conditions without exceeding its temperature rating. NEC Table 310.16 gives base ampacity values, but you still have to read the row and the temperature columns correctly. Material, conductor size, insulation rating, termination limits, and conditions of use all matter before you call the answer final.', '{"necReferences":["310.14","310.16"]}'::jsonb);
INSERT INTO lesson_sections (id, lesson_id, sort_order, section_type, heading, body_markdown, body_plaintext, meta_json) VALUES ('df294daa-3a18-402d-9542-5d7cb3e4ee09', 'a634384e-cd8a-4305-acc1-7001313e16c9', 4, 'paragraph', 'Key concepts', 'The highest temperature column is not automatically the answer you can use in the field. A conductor may have 90-degree insulation, but the connected equipment may still limit the final ampacity to a lower temperature basis. Table use is a process: identify the conductor, choose the correct row, respect the terminal limit, and then remember that adjustment or correction rules may still apply afterward.', 'The highest temperature column is not automatically the answer you can use in the field. A conductor may have 90-degree insulation, but the connected equipment may still limit the final ampacity to a lower temperature basis. Table use is a process: identify the conductor, choose the correct row, respect the terminal limit, and then remember that adjustment or correction rules may still apply afterward.', '{"necReferences":["310.14","310.16"]}'::jsonb);
INSERT INTO lesson_sections (id, lesson_id, sort_order, section_type, heading, body_markdown, body_plaintext, meta_json) VALUES ('1c840bd7-d0f3-4737-a954-6b55b0b600ba', 'a634384e-cd8a-4305-acc1-7001313e16c9', 5, 'paragraph', 'NEC / code relevance', 'NEC 310.14 points you to the proper ampacity-selection rules. NEC 310.16 gives the base table values. Together they teach an important exam habit: the table is the starting point, but the installation conditions decide whether that table value can stand unchanged.', 'NEC 310.14 points you to the proper ampacity-selection rules. NEC 310.16 gives the base table values. Together they teach an important exam habit: the table is the starting point, but the installation conditions decide whether that table value can stand unchanged.', '{"necReferences":["310.14","310.16"]}'::jsonb);
INSERT INTO lesson_sections (id, lesson_id, sort_order, section_type, heading, body_markdown, body_plaintext, meta_json) VALUES ('5c396d65-aac8-42bc-9d8a-7b6170874495', 'a634384e-cd8a-4305-acc1-7001313e16c9', 6, 'paragraph', 'Practical example', 'Suppose you see a conductor row with more than one ampacity listed and immediately pick the biggest number. That feels efficient, but it is often the wrong move. A 90-degree-rated conductor does not let you ignore the equipment termination limit or other installation conditions that control the final usable ampacity.', 'Suppose you see a conductor row with more than one ampacity listed and immediately pick the biggest number. That feels efficient, but it is often the wrong move. A 90-degree-rated conductor does not let you ignore the equipment termination limit or other installation conditions that control the final usable ampacity.', '{"necReferences":["310.14","310.16"]}'::jsonb);
INSERT INTO lesson_sections (id, lesson_id, sort_order, section_type, heading, body_markdown, body_plaintext, meta_json) VALUES ('b75a6612-6958-43ef-89d1-23c453fea4fc', 'a634384e-cd8a-4305-acc1-7001313e16c9', 7, 'paragraph', 'Common mistakes', 'Students often confuse conductor ampacity with breaker size as if they are always identical. Another mistake is jumping to the 90-degree column because it looks safest or strongest. On the exam, the better answer path is to ask what temperature basis the connected equipment actually allows.', 'Students often confuse conductor ampacity with breaker size as if they are always identical. Another mistake is jumping to the 90-degree column because it looks safest or strongest. On the exam, the better answer path is to ask what temperature basis the connected equipment actually allows.', '{"necReferences":["310.14","310.16"]}'::jsonb);
INSERT INTO lesson_sections (id, lesson_id, sort_order, section_type, heading, body_markdown, body_plaintext, meta_json) VALUES ('2a24952d-f63a-4aaf-8fd9-3aef57ff4d07', 'a634384e-cd8a-4305-acc1-7001313e16c9', 8, 'paragraph', 'Exam insight', 'Many ampacity questions are really process questions in disguise. Identify the conductor, the temperature basis, and any limiting condition before choosing a number from the table. If you skip that order, the distractors start to look correct.', 'Many ampacity questions are really process questions in disguise. Identify the conductor, the temperature basis, and any limiting condition before choosing a number from the table. If you skip that order, the distractors start to look correct.', '{"necReferences":["310.14","310.16"]}'::jsonb);
INSERT INTO lesson_sections (id, lesson_id, sort_order, section_type, heading, body_markdown, body_plaintext, meta_json) VALUES ('27e86457-4ac1-4d22-ad08-ba642fd2cf17', 'a634384e-cd8a-4305-acc1-7001313e16c9', 9, 'heading', NULL, 'Key Takeaways', 'Key Takeaways', '{}'::jsonb);
INSERT INTO lesson_sections (id, lesson_id, sort_order, section_type, heading, body_markdown, body_plaintext, meta_json) VALUES ('f0c7aa86-9177-44ef-89ce-304167a72d62', 'a634384e-cd8a-4305-acc1-7001313e16c9', 10, 'bullet', NULL, 'Ampacity is a temperature-based carrying limit, not just a memorized number.', 'Ampacity is a temperature-based carrying limit, not just a memorized number.', '{}'::jsonb);
INSERT INTO lesson_sections (id, lesson_id, sort_order, section_type, heading, body_markdown, body_plaintext, meta_json) VALUES ('728429d1-e6e3-4903-b582-796d129e9ff3', 'a634384e-cd8a-4305-acc1-7001313e16c9', 11, 'bullet', NULL, 'Table 310.16 gives base values, not automatic final answers.', 'Table 310.16 gives base values, not automatic final answers.', '{}'::jsonb);
INSERT INTO lesson_sections (id, lesson_id, sort_order, section_type, heading, body_markdown, body_plaintext, meta_json) VALUES ('76dfaa33-07f6-41b9-844b-ee1460a94e77', 'a634384e-cd8a-4305-acc1-7001313e16c9', 12, 'bullet', NULL, 'Termination limits can keep you from using the highest column in the row.', 'Termination limits can keep you from using the highest column in the row.', '{}'::jsonb);
INSERT INTO lesson_sections (id, lesson_id, sort_order, section_type, heading, body_markdown, body_plaintext, meta_json) VALUES ('01bd09f6-d244-4bbe-8bdf-36e79c9d07a0', 'a634384e-cd8a-4305-acc1-7001313e16c9', 13, 'bullet', NULL, 'Good table work follows an order instead of chasing the biggest number.', 'Good table work follows an order instead of chasing the biggest number.', '{}'::jsonb);
INSERT INTO lesson_sections (id, lesson_id, sort_order, section_type, heading, body_markdown, body_plaintext, meta_json) VALUES ('631368e8-ee09-46b4-a06d-16eacaec27ef', 'a634384e-cd8a-4305-acc1-7001313e16c9', 14, 'heading', NULL, 'Knowledge Check', 'Knowledge Check', '{}'::jsonb);
INSERT INTO lesson_sections (id, lesson_id, sort_order, section_type, heading, body_markdown, body_plaintext, meta_json) VALUES ('294f07ec-9d22-445c-971c-4a1e7fe4a874', 'a634384e-cd8a-4305-acc1-7001313e16c9', 15, 'callout', 'Question 1', 'Why can the 90-degree column still be the wrong final answer even when the conductor insulation is 90-degree rated?', 'Why can the 90-degree column still be the wrong final answer even when the conductor insulation is 90-degree rated?', '{}'::jsonb);
INSERT INTO lesson_sections (id, lesson_id, sort_order, section_type, heading, body_markdown, body_plaintext, meta_json) VALUES ('8d9555fa-ccbb-4a5e-ae2c-dec28306382d', 'a634384e-cd8a-4305-acc1-7001313e16c9', 16, 'callout', 'Question 2', 'What information should you identify before you trust an ampacity value from Table 310.16?', 'What information should you identify before you trust an ampacity value from Table 310.16?', '{}'::jsonb);
INSERT INTO lesson_sections (id, lesson_id, sort_order, section_type, heading, body_markdown, body_plaintext, meta_json) VALUES ('ebd06ad5-98dc-40ae-9772-bbceabca44fe', 'a634384e-cd8a-4305-acc1-7001313e16c9', 17, 'callout', 'Question 3', 'How is conductor ampacity reasoning different from simply memorizing common breaker sizes?', 'How is conductor ampacity reasoning different from simply memorizing common breaker sizes?', '{}'::jsonb);
INSERT INTO lesson_sections (id, lesson_id, sort_order, section_type, heading, body_markdown, body_plaintext, meta_json) VALUES ('7969a2ad-ac3d-4319-b67d-b7abf808882a', '40f011ac-7be9-4e37-bd7c-91607a241a3e', 1, 'paragraph', 'Learning objective', 'Use NEC hierarchy correctly by separating general rules from special rules and recognizing when a later article changes the normal answer path.', 'Use NEC hierarchy correctly by separating general rules from special rules and recognizing when a later article changes the normal answer path.', '{"necReferences":["90.3","110.2"]}'::jsonb);
INSERT INTO lesson_sections (id, lesson_id, sort_order, section_type, heading, body_markdown, body_plaintext, meta_json) VALUES ('3ff51656-6510-49f9-9950-cd8a882f3d5c', '40f011ac-7be9-4e37-bd7c-91607a241a3e', 2, 'paragraph', 'Why this matters', 'Journeyman exams stop rewarding simple recognition alone. They often test whether you know which rule governs when two sections seem to compete. That is really a hierarchy problem.', 'Journeyman exams stop rewarding simple recognition alone. They often test whether you know which rule governs when two sections seem to compete. That is really a hierarchy problem.', '{"necReferences":["90.3"]}'::jsonb);
INSERT INTO lesson_sections (id, lesson_id, sort_order, section_type, heading, body_markdown, body_plaintext, meta_json) VALUES ('3ab45332-564e-4a52-b975-b42bba20b8e6', '40f011ac-7be9-4e37-bd7c-91607a241a3e', 3, 'paragraph', 'Core explanation', 'General rules usually live in Chapters 1 through 4. Special occupancies, equipment, and conditions are often in Chapters 5 through 7. NEC 90.3 tells you that those later chapters can supplement or modify the general chapters. That means a correct general answer can still become wrong if a special article applies to the situation.', 'General rules usually live in Chapters 1 through 4. Special occupancies, equipment, and conditions are often in Chapters 5 through 7. NEC 90.3 tells you that those later chapters can supplement or modify the general chapters. That means a correct general answer can still become wrong if a special article applies to the situation.', '{"necReferences":["90.3"]}'::jsonb);
INSERT INTO lesson_sections (id, lesson_id, sort_order, section_type, heading, body_markdown, body_plaintext, meta_json) VALUES ('ab2d426d-f32c-413c-9961-555e21780c52', '40f011ac-7be9-4e37-bd7c-91607a241a3e', 4, 'paragraph', 'Key concepts', 'Start with the general rule so you understand the normal requirement. Then ask whether the location, equipment, or condition is special enough to trigger another article. Approval, suitability, and product listing still matter along the way. Strong code reasoning is layered, not one-dimensional.', 'Start with the general rule so you understand the normal requirement. Then ask whether the location, equipment, or condition is special enough to trigger another article. Approval, suitability, and product listing still matter along the way. Strong code reasoning is layered, not one-dimensional.', '{"necReferences":["90.3","110.2"]}'::jsonb);
INSERT INTO lesson_sections (id, lesson_id, sort_order, section_type, heading, body_markdown, body_plaintext, meta_json) VALUES ('4527e977-8d86-44c6-b807-35306195ba8c', '40f011ac-7be9-4e37-bd7c-91607a241a3e', 5, 'paragraph', 'NEC / code relevance', 'NEC 90.3 is the hierarchy rule that keeps code users from getting lost. NEC 110.2 adds the approval lens. Even if you find a rule that seems to permit something, the equipment still has to be acceptable for that use and jurisdiction.', 'NEC 90.3 is the hierarchy rule that keeps code users from getting lost. NEC 110.2 adds the approval lens. Even if you find a rule that seems to permit something, the equipment still has to be acceptable for that use and jurisdiction.', '{"necReferences":["90.3","110.2"]}'::jsonb);
INSERT INTO lesson_sections (id, lesson_id, sort_order, section_type, heading, body_markdown, body_plaintext, meta_json) VALUES ('dd21453b-7416-4adb-865d-bdd7da3f2c4d', '40f011ac-7be9-4e37-bd7c-91607a241a3e', 6, 'paragraph', 'Practical example', 'A wiring method may be acceptable under a general Chapter 3 rule, but a hazardous location article may impose a narrower rule for the same material. The right process is not to argue with the general rule. It is to recognize that the special article controls in that condition.', 'A wiring method may be acceptable under a general Chapter 3 rule, but a hazardous location article may impose a narrower rule for the same material. The right process is not to argue with the general rule. It is to recognize that the special article controls in that condition.', '{"necReferences":["90.3"]}'::jsonb);
INSERT INTO lesson_sections (id, lesson_id, sort_order, section_type, heading, body_markdown, body_plaintext, meta_json) VALUES ('2735b963-b4cd-42df-8565-6c28d6743f1d', '40f011ac-7be9-4e37-bd7c-91607a241a3e', 7, 'paragraph', 'Common mistakes', 'A frequent mistake is stopping after reading a familiar general section. Another is assuming the last section read is always the most specific. You have to decide whether it actually applies to the facts in the question.', 'A frequent mistake is stopping after reading a familiar general section. Another is assuming the last section read is always the most specific. You have to decide whether it actually applies to the facts in the question.', '{"necReferences":["90.3","110.2"]}'::jsonb);
INSERT INTO lesson_sections (id, lesson_id, sort_order, section_type, heading, body_markdown, body_plaintext, meta_json) VALUES ('7b7ddb31-e626-4a7d-aa76-05db0c3169d8', '40f011ac-7be9-4e37-bd7c-91607a241a3e', 8, 'paragraph', 'Exam insight', 'Expect question stems that hide the special condition in a few words. Phrases about hazardous areas, health care spaces, marinas, agricultural buildings, or emergency systems often mean you need to move beyond the general rule.', 'Expect question stems that hide the special condition in a few words. Phrases about hazardous areas, health care spaces, marinas, agricultural buildings, or emergency systems often mean you need to move beyond the general rule.', '{"necReferences":["90.3"]}'::jsonb);
INSERT INTO lesson_sections (id, lesson_id, sort_order, section_type, heading, body_markdown, body_plaintext, meta_json) VALUES ('26542356-a409-48e5-a22d-f7e0ccae9bb3', '40f011ac-7be9-4e37-bd7c-91607a241a3e', 9, 'heading', NULL, 'Key Takeaways', 'Key Takeaways', '{}'::jsonb);
INSERT INTO lesson_sections (id, lesson_id, sort_order, section_type, heading, body_markdown, body_plaintext, meta_json) VALUES ('f94b1431-c17d-4734-9318-16b6b4222360', '40f011ac-7be9-4e37-bd7c-91607a241a3e', 10, 'bullet', NULL, 'General rules do not automatically control when a special article applies.', 'General rules do not automatically control when a special article applies.', '{}'::jsonb);
INSERT INTO lesson_sections (id, lesson_id, sort_order, section_type, heading, body_markdown, body_plaintext, meta_json) VALUES ('c436be09-1c22-4d66-8ff5-b6a2f2afb604', '40f011ac-7be9-4e37-bd7c-91607a241a3e', 11, 'bullet', NULL, 'NEC 90.3 is the roadmap for rule hierarchy.', 'NEC 90.3 is the roadmap for rule hierarchy.', '{}'::jsonb);
INSERT INTO lesson_sections (id, lesson_id, sort_order, section_type, heading, body_markdown, body_plaintext, meta_json) VALUES ('ea11ef47-cb9f-4129-aff2-f63b8ee7d458', '40f011ac-7be9-4e37-bd7c-91607a241a3e', 12, 'bullet', NULL, 'Approval and suitability still matter even after you find the right article.', 'Approval and suitability still matter even after you find the right article.', '{}'::jsonb);
INSERT INTO lesson_sections (id, lesson_id, sort_order, section_type, heading, body_markdown, body_plaintext, meta_json) VALUES ('d5c7cf30-297e-4228-b6c6-e99f86386a3b', '40f011ac-7be9-4e37-bd7c-91607a241a3e', 13, 'bullet', NULL, 'Read the facts closely to see whether the situation is actually special.', 'Read the facts closely to see whether the situation is actually special.', '{}'::jsonb);
INSERT INTO lesson_sections (id, lesson_id, sort_order, section_type, heading, body_markdown, body_plaintext, meta_json) VALUES ('0cbf9ece-9376-42f4-a5ec-6a6087b0d660', '40f011ac-7be9-4e37-bd7c-91607a241a3e', 14, 'heading', NULL, 'Knowledge Check', 'Knowledge Check', '{}'::jsonb);
INSERT INTO lesson_sections (id, lesson_id, sort_order, section_type, heading, body_markdown, body_plaintext, meta_json) VALUES ('d10e5332-4e87-4bdf-abe9-16b3b57a4f48', '40f011ac-7be9-4e37-bd7c-91607a241a3e', 15, 'callout', 'Question 1', 'Why can a correct Chapter 3 rule still lead to the wrong final answer?', 'Why can a correct Chapter 3 rule still lead to the wrong final answer?', '{}'::jsonb);
INSERT INTO lesson_sections (id, lesson_id, sort_order, section_type, heading, body_markdown, body_plaintext, meta_json) VALUES ('2cc79475-797f-4306-8670-9ffe0e5ff94c', '40f011ac-7be9-4e37-bd7c-91607a241a3e', 16, 'callout', 'Question 2', 'What does NEC 90.3 help you decide during a code lookup?', 'What does NEC 90.3 help you decide during a code lookup?', '{}'::jsonb);
INSERT INTO lesson_sections (id, lesson_id, sort_order, section_type, heading, body_markdown, body_plaintext, meta_json) VALUES ('c955ebd8-815d-498d-8c09-73903eaf1ac5', '40f011ac-7be9-4e37-bd7c-91607a241a3e', 17, 'callout', 'Question 3', 'What kind of words in a question suggest you may need a special article?', 'What kind of words in a question suggest you may need a special article?', '{}'::jsonb);
INSERT INTO lesson_sections (id, lesson_id, sort_order, section_type, heading, body_markdown, body_plaintext, meta_json) VALUES ('50a2fc6e-40b5-4da0-8459-c627754aba8b', 'dd2810b6-f800-413a-b5d8-1dc15de2bab0', 1, 'paragraph', 'Learning objective', 'Build a faster, repeatable code-lookup method for timed open-book exams by using article patterns, key words, and examples wisely.', 'Build a faster, repeatable code-lookup method for timed open-book exams by using article patterns, key words, and examples wisely.', '{"necReferences":["Article 100","Annex D"]}'::jsonb);
INSERT INTO lesson_sections (id, lesson_id, sort_order, section_type, heading, body_markdown, body_plaintext, meta_json) VALUES ('00ad1f6c-aeaf-4346-b4e1-a8b93b382f40', 'dd2810b6-f800-413a-b5d8-1dc15de2bab0', 2, 'paragraph', 'Why this matters', 'Timed open-book exams punish wandering. The candidate who knows how to narrow the search wins back minutes that can be used on calculations and review.', 'Timed open-book exams punish wandering. The candidate who knows how to narrow the search wins back minutes that can be used on calculations and review.', '{"necReferences":["Article 100","Annex D"]}'::jsonb);
INSERT INTO lesson_sections (id, lesson_id, sort_order, section_type, heading, body_markdown, body_plaintext, meta_json) VALUES ('f2943853-2555-4632-9e80-752d732cbb97', 'dd2810b6-f800-413a-b5d8-1dc15de2bab0', 3, 'paragraph', 'Core explanation', 'Fast code lookup starts before you open the book. Identify the subject, the equipment type, and whether the problem is about definitions, installation rules, or calculations. Use the index to narrow the article, then confirm the exact section by reading titles and subsection structure carefully. Annex D can help when the question is calculation-shaped, but it is a guide, not the enforceable rule itself.', 'Fast code lookup starts before you open the book. Identify the subject, the equipment type, and whether the problem is about definitions, installation rules, or calculations. Use the index to narrow the article, then confirm the exact section by reading titles and subsection structure carefully. Annex D can help when the question is calculation-shaped, but it is a guide, not the enforceable rule itself.', '{"necReferences":["Article 100","Annex D"]}'::jsonb);
INSERT INTO lesson_sections (id, lesson_id, sort_order, section_type, heading, body_markdown, body_plaintext, meta_json) VALUES ('d28e2f97-881b-4f03-9efb-9af9277106f2', 'dd2810b6-f800-413a-b5d8-1dc15de2bab0', 4, 'paragraph', 'Key concepts', 'Pattern recognition matters. Receptacles often point you toward Article 210. Motors point to Article 430. Grounding questions point to Article 250. If a question depends on what a term means, Article 100 is still one of the fastest first stops. When you practice enough, code lookup becomes a map, not a maze.', 'Pattern recognition matters. Receptacles often point you toward Article 210. Motors point to Article 430. Grounding questions point to Article 250. If a question depends on what a term means, Article 100 is still one of the fastest first stops. When you practice enough, code lookup becomes a map, not a maze.', '{"necReferences":["Article 100","Annex D"]}'::jsonb);
INSERT INTO lesson_sections (id, lesson_id, sort_order, section_type, heading, body_markdown, body_plaintext, meta_json) VALUES ('586ec17f-79b2-4ac9-a3fe-f3305010a508', 'dd2810b6-f800-413a-b5d8-1dc15de2bab0', 5, 'paragraph', 'NEC / code relevance', 'Article 100 remains the definition anchor. Annex D helps you see how certain calculation methods are applied in example form. It is useful for learning the path, but the enforceable answer still belongs to the governing article and section.', 'Article 100 remains the definition anchor. Annex D helps you see how certain calculation methods are applied in example form. It is useful for learning the path, but the enforceable answer still belongs to the governing article and section.', '{"necReferences":["Article 100","Annex D"]}'::jsonb);
INSERT INTO lesson_sections (id, lesson_id, sort_order, section_type, heading, body_markdown, body_plaintext, meta_json) VALUES ('2a0e1a66-8f3e-4f00-a9c3-2156aa8aa10c', 'dd2810b6-f800-413a-b5d8-1dc15de2bab0', 6, 'paragraph', 'Practical example', 'A calculation question on dwelling-unit service size may feel intimidating, but the keywords optional calculation, dwelling unit, and service should immediately push you toward Article 220, not a random table in Chapter 3. That time-saving recognition is a learned skill.', 'A calculation question on dwelling-unit service size may feel intimidating, but the keywords optional calculation, dwelling unit, and service should immediately push you toward Article 220, not a random table in Chapter 3. That time-saving recognition is a learned skill.', '{"necReferences":["Annex D"]}'::jsonb);
INSERT INTO lesson_sections (id, lesson_id, sort_order, section_type, heading, body_markdown, body_plaintext, meta_json) VALUES ('e7446b88-96b0-4f51-bb1a-5538321ab966', 'dd2810b6-f800-413a-b5d8-1dc15de2bab0', 7, 'paragraph', 'Common mistakes', 'Students lose time by chasing every keyword instead of the main subject. Another mistake is relying on memory of page layout instead of reading titles and section numbers carefully. Under pressure, close answer choices punish sloppy navigation.', 'Students lose time by chasing every keyword instead of the main subject. Another mistake is relying on memory of page layout instead of reading titles and section numbers carefully. Under pressure, close answer choices punish sloppy navigation.', '{"necReferences":["Article 100","Annex D"]}'::jsonb);
INSERT INTO lesson_sections (id, lesson_id, sort_order, section_type, heading, body_markdown, body_plaintext, meta_json) VALUES ('7c7a33c7-407a-4666-8dfb-d938dc9fe90c', 'dd2810b6-f800-413a-b5d8-1dc15de2bab0', 8, 'paragraph', 'Exam insight', 'Practice timed lookups with a notebook beside you. Write the search path after each question. Over time, you will start seeing repeat routes, and those routes are where open-book speed comes from.', 'Practice timed lookups with a notebook beside you. Write the search path after each question. Over time, you will start seeing repeat routes, and those routes are where open-book speed comes from.', '{"necReferences":["Article 100","Annex D"]}'::jsonb);
INSERT INTO lesson_sections (id, lesson_id, sort_order, section_type, heading, body_markdown, body_plaintext, meta_json) VALUES ('38f9a06d-8e8e-4374-9b9e-d94b92458c74', 'dd2810b6-f800-413a-b5d8-1dc15de2bab0', 9, 'heading', NULL, 'Key Takeaways', 'Key Takeaways', '{}'::jsonb);
INSERT INTO lesson_sections (id, lesson_id, sort_order, section_type, heading, body_markdown, body_plaintext, meta_json) VALUES ('3aaa2a9a-c3c9-4381-9656-a2ec9015132c', 'dd2810b6-f800-413a-b5d8-1dc15de2bab0', 10, 'bullet', NULL, 'Timed code lookup is a search strategy, not just a memory test.', 'Timed code lookup is a search strategy, not just a memory test.', '{}'::jsonb);
INSERT INTO lesson_sections (id, lesson_id, sort_order, section_type, heading, body_markdown, body_plaintext, meta_json) VALUES ('b85f58c3-a449-4ec1-8f9e-1dd904a705df', 'dd2810b6-f800-413a-b5d8-1dc15de2bab0', 11, 'bullet', NULL, 'Start by identifying the subject and the type of question.', 'Start by identifying the subject and the type of question.', '{}'::jsonb);
INSERT INTO lesson_sections (id, lesson_id, sort_order, section_type, heading, body_markdown, body_plaintext, meta_json) VALUES ('88410837-da43-4cea-b768-9b12d86ca7ad', 'dd2810b6-f800-413a-b5d8-1dc15de2bab0', 12, 'bullet', NULL, 'Article 100 helps with definitions, and Annex D helps with example-driven calculations.', 'Article 100 helps with definitions, and Annex D helps with example-driven calculations.', '{}'::jsonb);
INSERT INTO lesson_sections (id, lesson_id, sort_order, section_type, heading, body_markdown, body_plaintext, meta_json) VALUES ('1e4ca8f7-38de-4c91-a9c3-fd57dd240195', 'dd2810b6-f800-413a-b5d8-1dc15de2bab0', 13, 'bullet', NULL, 'Pattern recognition is one of the biggest open-book advantages.', 'Pattern recognition is one of the biggest open-book advantages.', '{}'::jsonb);
INSERT INTO lesson_sections (id, lesson_id, sort_order, section_type, heading, body_markdown, body_plaintext, meta_json) VALUES ('0fd70e07-af19-42ec-8a41-f07705edf034', 'dd2810b6-f800-413a-b5d8-1dc15de2bab0', 14, 'heading', NULL, 'Knowledge Check', 'Knowledge Check', '{}'::jsonb);
INSERT INTO lesson_sections (id, lesson_id, sort_order, section_type, heading, body_markdown, body_plaintext, meta_json) VALUES ('11f2bcf9-d2f2-493a-8a60-c85738731889', 'dd2810b6-f800-413a-b5d8-1dc15de2bab0', 15, 'callout', 'Question 1', 'What is the first thing you should identify before opening the code book on a timed exam?', 'What is the first thing you should identify before opening the code book on a timed exam?', '{}'::jsonb);
INSERT INTO lesson_sections (id, lesson_id, sort_order, section_type, heading, body_markdown, body_plaintext, meta_json) VALUES ('7c88a6fb-4f4f-4754-8e59-dfdc699d6f83', 'dd2810b6-f800-413a-b5d8-1dc15de2bab0', 16, 'callout', 'Question 2', 'Why is Annex D helpful but not a substitute for the governing rule?', 'Why is Annex D helpful but not a substitute for the governing rule?', '{}'::jsonb);
INSERT INTO lesson_sections (id, lesson_id, sort_order, section_type, heading, body_markdown, body_plaintext, meta_json) VALUES ('50ee04bd-1572-4627-b62a-f9e7d79c29c3', 'dd2810b6-f800-413a-b5d8-1dc15de2bab0', 17, 'callout', 'Question 3', 'How does article pattern recognition save time during open-book testing?', 'How does article pattern recognition save time during open-book testing?', '{}'::jsonb);
INSERT INTO lesson_sections (id, lesson_id, sort_order, section_type, heading, body_markdown, body_plaintext, meta_json) VALUES ('cecdcc78-a98e-4d9b-9ffb-ffe11f5cafdc', '38a5b1ac-e91d-491f-b720-75c70d567b19', 1, 'paragraph', 'Learning objective', 'Apply continuous-load logic to branch circuits and feeders so conductor sizing and overcurrent-device sizing stay in the right order.', 'Apply continuous-load logic to branch circuits and feeders so conductor sizing and overcurrent-device sizing stay in the right order.', '{"necReferences":["210.19(A)(1)","210.20(A)","215.2","215.3"]}'::jsonb);
INSERT INTO lesson_sections (id, lesson_id, sort_order, section_type, heading, body_markdown, body_plaintext, meta_json) VALUES ('2b46ca22-27df-4f85-b54a-70605f3e224d', '38a5b1ac-e91d-491f-b720-75c70d567b19', 2, 'paragraph', 'Why this matters', 'This topic shows up constantly because it blends code language, arithmetic, and logic. A student may know the 125 percent rule but still miss the question by applying it to the wrong component.', 'This topic shows up constantly because it blends code language, arithmetic, and logic. A student may know the 125 percent rule but still miss the question by applying it to the wrong component.', '{"necReferences":["210.19(A)(1)","210.20(A)"]}'::jsonb);
INSERT INTO lesson_sections (id, lesson_id, sort_order, section_type, heading, body_markdown, body_plaintext, meta_json) VALUES ('8cc8cc55-5c42-43ac-a1a8-59b27d54932c', '38a5b1ac-e91d-491f-b720-75c70d567b19', 3, 'paragraph', 'Core explanation', 'A continuous load is one where the maximum current is expected to continue for 3 hours or more. The NEC requires branch-circuit conductors and feeders for these loads to be sized differently from short-duration loads. Conductors and overcurrent devices each have their own rules, and the exam often checks whether you know which section controls which piece of the design.', 'A continuous load is one where the maximum current is expected to continue for 3 hours or more. The NEC requires branch-circuit conductors and feeders for these loads to be sized differently from short-duration loads. Conductors and overcurrent devices each have their own rules, and the exam often checks whether you know which section controls which piece of the design.', '{"necReferences":["Article 100","210.19(A)(1)","210.20(A)","215.2","215.3"]}'::jsonb);
INSERT INTO lesson_sections (id, lesson_id, sort_order, section_type, heading, body_markdown, body_plaintext, meta_json) VALUES ('5933dd55-a38f-4720-a9ce-896a74a2650c', '38a5b1ac-e91d-491f-b720-75c70d567b19', 4, 'paragraph', 'Key concepts', 'Do not lump branch circuits and feeders together without checking the article. Do not lump conductors and breakers together either. The most important habit is to identify the load type first, then choose the section for conductor sizing, then choose the section for overcurrent protection.', 'Do not lump branch circuits and feeders together without checking the article. Do not lump conductors and breakers together either. The most important habit is to identify the load type first, then choose the section for conductor sizing, then choose the section for overcurrent protection.', '{"necReferences":["210.19(A)(1)","210.20(A)","215.2","215.3"]}'::jsonb);
INSERT INTO lesson_sections (id, lesson_id, sort_order, section_type, heading, body_markdown, body_plaintext, meta_json) VALUES ('919012b6-6762-4967-8dd8-5fbcd17deec9', '38a5b1ac-e91d-491f-b720-75c70d567b19', 5, 'paragraph', 'NEC / code relevance', 'Article 100 defines continuous load. NEC 210.19(A)(1) and 210.20(A) apply on the branch-circuit side. NEC 215.2 and 215.3 apply on the feeder side. NEC 220.40 reminds you that load calculations are part of the overall answer path.', 'Article 100 defines continuous load. NEC 210.19(A)(1) and 210.20(A) apply on the branch-circuit side. NEC 215.2 and 215.3 apply on the feeder side. NEC 220.40 reminds you that load calculations are part of the overall answer path.', '{"necReferences":["Article 100","210.19(A)(1)","210.20(A)","215.2","215.3","220.40"]}'::jsonb);
INSERT INTO lesson_sections (id, lesson_id, sort_order, section_type, heading, body_markdown, body_plaintext, meta_json) VALUES ('0d811506-332c-43d9-bf3d-dc0222e4c967', '38a5b1ac-e91d-491f-b720-75c70d567b19', 6, 'paragraph', 'Practical example', 'A 40-amp continuous load on a branch circuit is not handled the same way as a short-duration load. The student has to identify the continuous nature of the load first, then follow the proper branch-circuit conductor and overcurrent sizing rules. Skipping that first step leads to the wrong number even if the arithmetic is clean.', 'A 40-amp continuous load on a branch circuit is not handled the same way as a short-duration load. The student has to identify the continuous nature of the load first, then follow the proper branch-circuit conductor and overcurrent sizing rules. Skipping that first step leads to the wrong number even if the arithmetic is clean.', '{"necReferences":["210.19(A)(1)","210.20(A)"]}'::jsonb);
INSERT INTO lesson_sections (id, lesson_id, sort_order, section_type, heading, body_markdown, body_plaintext, meta_json) VALUES ('428fd12f-4828-473c-8479-01c6b7ffd9cc', '38a5b1ac-e91d-491f-b720-75c70d567b19', 7, 'paragraph', 'Common mistakes', 'The biggest mistake is applying 125 percent to everything in the problem without thinking. Another is using the branch-circuit rule on a feeder question or the feeder rule on a branch-circuit question.', 'The biggest mistake is applying 125 percent to everything in the problem without thinking. Another is using the branch-circuit rule on a feeder question or the feeder rule on a branch-circuit question.', '{"necReferences":["210.19(A)(1)","210.20(A)","215.2","215.3"]}'::jsonb);
INSERT INTO lesson_sections (id, lesson_id, sort_order, section_type, heading, body_markdown, body_plaintext, meta_json) VALUES ('47dcf0ae-2469-40f6-a7ab-7bbc26ae06f1', '38a5b1ac-e91d-491f-b720-75c70d567b19', 8, 'paragraph', 'Exam insight', 'Continuous-load questions often look easy until you see the answer choices. The test is checking your process. Label each value as branch circuit, feeder, conductor, or overcurrent device before you calculate.', 'Continuous-load questions often look easy until you see the answer choices. The test is checking your process. Label each value as branch circuit, feeder, conductor, or overcurrent device before you calculate.', '{"necReferences":["Article 100","210.20(A)","215.3"]}'::jsonb);
INSERT INTO lesson_sections (id, lesson_id, sort_order, section_type, heading, body_markdown, body_plaintext, meta_json) VALUES ('57eb0597-91df-4c71-ac90-4fd5cf7dfc47', '38a5b1ac-e91d-491f-b720-75c70d567b19', 9, 'heading', NULL, 'Key Takeaways', 'Key Takeaways', '{}'::jsonb);
INSERT INTO lesson_sections (id, lesson_id, sort_order, section_type, heading, body_markdown, body_plaintext, meta_json) VALUES ('461c8d2b-0a49-4669-973d-6f20447f8c63', '38a5b1ac-e91d-491f-b720-75c70d567b19', 10, 'bullet', NULL, 'A continuous load is expected to run at maximum current for 3 hours or more.', 'A continuous load is expected to run at maximum current for 3 hours or more.', '{}'::jsonb);
INSERT INTO lesson_sections (id, lesson_id, sort_order, section_type, heading, body_markdown, body_plaintext, meta_json) VALUES ('b21329d1-0d0e-4e0a-aa50-0cb7bb159f31', '38a5b1ac-e91d-491f-b720-75c70d567b19', 11, 'bullet', NULL, 'Branch-circuit and feeder rules are related but not identical.', 'Branch-circuit and feeder rules are related but not identical.', '{}'::jsonb);
INSERT INTO lesson_sections (id, lesson_id, sort_order, section_type, heading, body_markdown, body_plaintext, meta_json) VALUES ('2c458e36-1642-4bc8-9612-c61dbe891252', '38a5b1ac-e91d-491f-b720-75c70d567b19', 12, 'bullet', NULL, 'Conductor sizing and overcurrent-device sizing must be handled in the right order.', 'Conductor sizing and overcurrent-device sizing must be handled in the right order.', '{}'::jsonb);
INSERT INTO lesson_sections (id, lesson_id, sort_order, section_type, heading, body_markdown, body_plaintext, meta_json) VALUES ('46e2aaec-7926-4491-931f-998e6e04a407', '38a5b1ac-e91d-491f-b720-75c70d567b19', 13, 'bullet', NULL, 'Most misses happen because students apply one rule to the wrong component.', 'Most misses happen because students apply one rule to the wrong component.', '{}'::jsonb);
INSERT INTO lesson_sections (id, lesson_id, sort_order, section_type, heading, body_markdown, body_plaintext, meta_json) VALUES ('8a733aa3-2b8e-4428-8a87-a7b17d8a6838', '38a5b1ac-e91d-491f-b720-75c70d567b19', 14, 'heading', NULL, 'Knowledge Check', 'Knowledge Check', '{}'::jsonb);
INSERT INTO lesson_sections (id, lesson_id, sort_order, section_type, heading, body_markdown, body_plaintext, meta_json) VALUES ('ae9c4484-6a0d-43fb-b755-ecb391f6dee7', '38a5b1ac-e91d-491f-b720-75c70d567b19', 15, 'callout', 'Question 1', 'What defined term tells you whether the 3-hour rule applies?', 'What defined term tells you whether the 3-hour rule applies?', '{}'::jsonb);
INSERT INTO lesson_sections (id, lesson_id, sort_order, section_type, heading, body_markdown, body_plaintext, meta_json) VALUES ('cf6fd5b8-51c8-4fae-a39e-d42e0f284376', '38a5b1ac-e91d-491f-b720-75c70d567b19', 16, 'callout', 'Question 2', 'Why is it risky to apply 125 percent to every number in the problem automatically?', 'Why is it risky to apply 125 percent to every number in the problem automatically?', '{}'::jsonb);
INSERT INTO lesson_sections (id, lesson_id, sort_order, section_type, heading, body_markdown, body_plaintext, meta_json) VALUES ('809fd25e-6f71-4b67-80f6-520987265487', '38a5b1ac-e91d-491f-b720-75c70d567b19', 17, 'callout', 'Question 3', 'What is the difference between the branch-circuit path and the feeder path for continuous loads?', 'What is the difference between the branch-circuit path and the feeder path for continuous loads?', '{}'::jsonb);
INSERT INTO lesson_sections (id, lesson_id, sort_order, section_type, heading, body_markdown, body_plaintext, meta_json) VALUES ('d6d3ff29-16cf-4fa7-ba12-3545328cf5a1', '59716e7a-bab8-43b2-9c07-1d2cd724f02e', 1, 'paragraph', 'Learning objective', 'Explain the purpose of required dwelling-unit branch circuits and use the basic receptacle-placement rules in Article 210 with better accuracy.', 'Explain the purpose of required dwelling-unit branch circuits and use the basic receptacle-placement rules in Article 210 with better accuracy.', '{"necReferences":["210.11","210.52"]}'::jsonb);
INSERT INTO lesson_sections (id, lesson_id, sort_order, section_type, heading, body_markdown, body_plaintext, meta_json) VALUES ('bb95f832-c496-4610-880a-a80c91a34896', '59716e7a-bab8-43b2-9c07-1d2cd724f02e', 2, 'paragraph', 'Why this matters', 'Dwelling-unit questions are frequent because they connect everyday residential layouts to code decisions. They are also easy points for candidates who can separate required circuits from required outlet placement instead of treating Article 210 like one giant memorization problem.', 'Dwelling-unit questions are frequent because they connect everyday residential layouts to code decisions. They are also easy points for candidates who can separate required circuits from required outlet placement instead of treating Article 210 like one giant memorization problem.', '{"necReferences":["210.11","210.52"]}'::jsonb);
INSERT INTO lesson_sections (id, lesson_id, sort_order, section_type, heading, body_markdown, body_plaintext, meta_json) VALUES ('4292f1f7-66bd-4838-ae58-89916350e779', '59716e7a-bab8-43b2-9c07-1d2cd724f02e', 3, 'paragraph', 'Core explanation', 'Article 210 does more than talk about receptacles. It also requires certain dwelling-unit branch circuits to serve specific areas and uses. For example, dwelling kitchens and related areas require dedicated small-appliance circuit planning, while bathrooms and laundry areas have their own required branch-circuit treatment. Receptacle placement rules then decide where outlets must be located so occupants are not forced into unsafe extension-cord habits.', 'Article 210 does more than talk about receptacles. It also requires certain dwelling-unit branch circuits to serve specific areas and uses. For example, dwelling kitchens and related areas require dedicated small-appliance circuit planning, while bathrooms and laundry areas have their own required branch-circuit treatment. Receptacle placement rules then decide where outlets must be located so occupants are not forced into unsafe extension-cord habits.', '{"necReferences":["210.11","210.52"]}'::jsonb);
INSERT INTO lesson_sections (id, lesson_id, sort_order, section_type, heading, body_markdown, body_plaintext, meta_json) VALUES ('3b9a8470-2211-4a7a-b686-ac836e913de6', '59716e7a-bab8-43b2-9c07-1d2cd724f02e', 4, 'paragraph', 'Key concepts', 'Required circuits and required receptacle locations are related but different questions. One asks what kind of branch-circuit capacity the dwelling must have. The other asks where outlets must be placed. The familiar 6-foot and 12-foot wall-space logic helps with general wall spaces, but countertop areas, bathrooms, laundry areas, and similar spaces can trigger different rule paths.', 'Required circuits and required receptacle locations are related but different questions. One asks what kind of branch-circuit capacity the dwelling must have. The other asks where outlets must be placed. The familiar 6-foot and 12-foot wall-space logic helps with general wall spaces, but countertop areas, bathrooms, laundry areas, and similar spaces can trigger different rule paths.', '{"necReferences":["210.11","210.52"]}'::jsonb);
INSERT INTO lesson_sections (id, lesson_id, sort_order, section_type, heading, body_markdown, body_plaintext, meta_json) VALUES ('b2719b80-a7f9-426e-b736-4789f985be7c', '59716e7a-bab8-43b2-9c07-1d2cd724f02e', 5, 'paragraph', 'NEC / code relevance', 'NEC 210.11 identifies branch circuits that are specifically required in dwelling units. NEC 210.52 covers minimum receptacle placement. Together they form one of the most testable residential areas because the exam can ask about circuit purpose, spacing, or a special room in the same problem.', 'NEC 210.11 identifies branch circuits that are specifically required in dwelling units. NEC 210.52 covers minimum receptacle placement. Together they form one of the most testable residential areas because the exam can ask about circuit purpose, spacing, or a special room in the same problem.', '{"necReferences":["210.11","210.52"]}'::jsonb);
INSERT INTO lesson_sections (id, lesson_id, sort_order, section_type, heading, body_markdown, body_plaintext, meta_json) VALUES ('858bde3c-e369-402e-8540-80275d1ff6ee', '59716e7a-bab8-43b2-9c07-1d2cd724f02e', 6, 'paragraph', 'Practical example', 'A 12-foot living-room wall can often be satisfied by one centered receptacle because no point along the floor line ends up more than 6 feet from an outlet. But that same thinking does not answer a kitchen countertop question, because kitchen small-appliance circuits and countertop receptacles follow their own residential rules.', 'A 12-foot living-room wall can often be satisfied by one centered receptacle because no point along the floor line ends up more than 6 feet from an outlet. But that same thinking does not answer a kitchen countertop question, because kitchen small-appliance circuits and countertop receptacles follow their own residential rules.', '{"necReferences":["210.11","210.52"]}'::jsonb);
INSERT INTO lesson_sections (id, lesson_id, sort_order, section_type, heading, body_markdown, body_plaintext, meta_json) VALUES ('6bd4912f-5b4c-41cc-aa96-3005a480a5d1', '59716e7a-bab8-43b2-9c07-1d2cd724f02e', 7, 'paragraph', 'Common mistakes', 'The most common mistake is memorizing the wall-space rule and then forcing it onto every dwelling situation. Another is forgetting that required small-appliance, bathroom, and laundry circuit questions are asking about dedicated branch-circuit coverage, not just receptacle spacing.', 'The most common mistake is memorizing the wall-space rule and then forcing it onto every dwelling situation. Another is forgetting that required small-appliance, bathroom, and laundry circuit questions are asking about dedicated branch-circuit coverage, not just receptacle spacing.', '{"necReferences":["210.11","210.52"]}'::jsonb);
INSERT INTO lesson_sections (id, lesson_id, sort_order, section_type, heading, body_markdown, body_plaintext, meta_json) VALUES ('10051e03-531e-4496-a5e3-a1d721833f4f', '59716e7a-bab8-43b2-9c07-1d2cd724f02e', 8, 'paragraph', 'Exam insight', 'When a residential question feels crowded, decide what it is testing before reading the answers twice. Is it asking about wall spacing, a special room, or a required branch circuit? That decision removes a lot of close-sounding distractors fast.', 'When a residential question feels crowded, decide what it is testing before reading the answers twice. Is it asking about wall spacing, a special room, or a required branch circuit? That decision removes a lot of close-sounding distractors fast.', '{"necReferences":["210.11","210.52"]}'::jsonb);
INSERT INTO lesson_sections (id, lesson_id, sort_order, section_type, heading, body_markdown, body_plaintext, meta_json) VALUES ('27e62f1e-063d-4e78-9825-074317048e7f', '59716e7a-bab8-43b2-9c07-1d2cd724f02e', 9, 'heading', NULL, 'Key Takeaways', 'Key Takeaways', '{}'::jsonb);
INSERT INTO lesson_sections (id, lesson_id, sort_order, section_type, heading, body_markdown, body_plaintext, meta_json) VALUES ('8a778098-3fb8-46ca-a67a-38e781b69ffc', '59716e7a-bab8-43b2-9c07-1d2cd724f02e', 10, 'bullet', NULL, 'Required dwelling circuits and receptacle placement rules work together, but they are not the same thing.', 'Required dwelling circuits and receptacle placement rules work together, but they are not the same thing.', '{}'::jsonb);
INSERT INTO lesson_sections (id, lesson_id, sort_order, section_type, heading, body_markdown, body_plaintext, meta_json) VALUES ('3b866b5c-c857-4cf3-9c21-82e4c9e24220', '59716e7a-bab8-43b2-9c07-1d2cd724f02e', 11, 'bullet', NULL, 'Article 210 is a major residential exam article because it combines layout and branch-circuit rules.', 'Article 210 is a major residential exam article because it combines layout and branch-circuit rules.', '{}'::jsonb);
INSERT INTO lesson_sections (id, lesson_id, sort_order, section_type, heading, body_markdown, body_plaintext, meta_json) VALUES ('bcf938bb-0b37-4740-8a01-b966f7c13a16', '59716e7a-bab8-43b2-9c07-1d2cd724f02e', 12, 'bullet', NULL, 'The general wall-space rule does not answer every kitchen, bathroom, or laundry question.', 'The general wall-space rule does not answer every kitchen, bathroom, or laundry question.', '{}'::jsonb);
INSERT INTO lesson_sections (id, lesson_id, sort_order, section_type, heading, body_markdown, body_plaintext, meta_json) VALUES ('2c14a2ac-53b0-4531-8a2e-3fc52a0f142d', '59716e7a-bab8-43b2-9c07-1d2cd724f02e', 13, 'bullet', NULL, 'Start by identifying whether the problem is testing placement, circuit purpose, or a special dwelling area.', 'Start by identifying whether the problem is testing placement, circuit purpose, or a special dwelling area.', '{}'::jsonb);
INSERT INTO lesson_sections (id, lesson_id, sort_order, section_type, heading, body_markdown, body_plaintext, meta_json) VALUES ('2f6ded27-d437-4de4-acc1-7962e73be733', '59716e7a-bab8-43b2-9c07-1d2cd724f02e', 14, 'heading', NULL, 'Knowledge Check', 'Knowledge Check', '{}'::jsonb);
INSERT INTO lesson_sections (id, lesson_id, sort_order, section_type, heading, body_markdown, body_plaintext, meta_json) VALUES ('b6ac4443-f47b-438f-ad80-e2812a7de35e', '59716e7a-bab8-43b2-9c07-1d2cd724f02e', 15, 'callout', 'Question 1', 'Why is it a mistake to apply the general wall-space rule to every dwelling-unit question?', 'Why is it a mistake to apply the general wall-space rule to every dwelling-unit question?', '{}'::jsonb);
INSERT INTO lesson_sections (id, lesson_id, sort_order, section_type, heading, body_markdown, body_plaintext, meta_json) VALUES ('33d03a01-bb52-4f22-aa38-e3fbfcef9ca7', '59716e7a-bab8-43b2-9c07-1d2cd724f02e', 16, 'callout', 'Question 2', 'What is the difference between a required branch circuit and a required receptacle location?', 'What is the difference between a required branch circuit and a required receptacle location?', '{}'::jsonb);
INSERT INTO lesson_sections (id, lesson_id, sort_order, section_type, heading, body_markdown, body_plaintext, meta_json) VALUES ('e5bc2fcc-70c6-4df5-a1a7-88c93863b177', '59716e7a-bab8-43b2-9c07-1d2cd724f02e', 17, 'callout', 'Question 3', 'If a problem mentions kitchen countertop receptacles and small-appliance circuits together, what should you identify first?', 'If a problem mentions kitchen countertop receptacles and small-appliance circuits together, what should you identify first?', '{}'::jsonb);
INSERT INTO lesson_sections (id, lesson_id, sort_order, section_type, heading, body_markdown, body_plaintext, meta_json) VALUES ('b1ab21f3-c752-4f95-816a-e700e183f6fd', '71144249-a131-40b6-b7ce-33ff65c69919', 1, 'paragraph', 'Learning objective', 'Separate grounding from bonding at the service and feeder level so you can follow the fault-current path and earth-reference path without mixing them up.', 'Separate grounding from bonding at the service and feeder level so you can follow the fault-current path and earth-reference path without mixing them up.', '{"necReferences":["250.24","250.32","250.50"]}'::jsonb);
INSERT INTO lesson_sections (id, lesson_id, sort_order, section_type, heading, body_markdown, body_plaintext, meta_json) VALUES ('f705fdd4-f65b-466c-ac49-29a751ead1c9', '71144249-a131-40b6-b7ce-33ff65c69919', 2, 'paragraph', 'Why this matters', 'Grounding and bonding is one of the most misunderstood electrician exam topics. Students often know pieces of the vocabulary but cannot explain the function of each conductor or connection point.', 'Grounding and bonding is one of the most misunderstood electrician exam topics. Students often know pieces of the vocabulary but cannot explain the function of each conductor or connection point.', '{"necReferences":["250.24","250.32"]}'::jsonb);
INSERT INTO lesson_sections (id, lesson_id, sort_order, section_type, heading, body_markdown, body_plaintext, meta_json) VALUES ('20a08514-b2f4-4292-a2ed-24eca845886a', '71144249-a131-40b6-b7ce-33ff65c69919', 3, 'paragraph', 'Core explanation', 'Grounding and bonding work together, but they do not do the same job. The grounded service conductor, service bonding jumper, equipment grounding conductor, and grounding electrode system each have a specific role. At the service, the code brings system grounding and bonding together in a defined way. At feeders and separate buildings, the rules shift because the source point and return path are different.', 'Grounding and bonding work together, but they do not do the same job. The grounded service conductor, service bonding jumper, equipment grounding conductor, and grounding electrode system each have a specific role. At the service, the code brings system grounding and bonding together in a defined way. At feeders and separate buildings, the rules shift because the source point and return path are different.', '{"necReferences":["250.24","250.32","250.50"]}'::jsonb);
INSERT INTO lesson_sections (id, lesson_id, sort_order, section_type, heading, body_markdown, body_plaintext, meta_json) VALUES ('5723a870-c059-4e36-b805-10ad04aca4aa', '71144249-a131-40b6-b7ce-33ff65c69919', 4, 'paragraph', 'Key concepts', 'The grounding electrode system connects the electrical system to earth. Bonding ties conductive parts together so fault current has an effective low-impedance path back to the source. If you cannot explain where fault current is supposed to travel, you probably do not understand the bonding part yet.', 'The grounding electrode system connects the electrical system to earth. Bonding ties conductive parts together so fault current has an effective low-impedance path back to the source. If you cannot explain where fault current is supposed to travel, you probably do not understand the bonding part yet.', '{"necReferences":["250.24","250.32","250.50"]}'::jsonb);
INSERT INTO lesson_sections (id, lesson_id, sort_order, section_type, heading, body_markdown, body_plaintext, meta_json) VALUES ('8ad8bc1b-a162-4b39-b31d-006b966cd929', '71144249-a131-40b6-b7ce-33ff65c69919', 5, 'paragraph', 'NEC / code relevance', 'NEC 250.24 covers service grounding and bonding. NEC 250.32 applies to buildings or structures supplied by feeders. NEC 250.50 describes the grounding electrode system. These sections are tested together because the exam wants functional understanding, not just word recognition.', 'NEC 250.24 covers service grounding and bonding. NEC 250.32 applies to buildings or structures supplied by feeders. NEC 250.50 describes the grounding electrode system. These sections are tested together because the exam wants functional understanding, not just word recognition.', '{"necReferences":["250.24","250.32","250.50"]}'::jsonb);
INSERT INTO lesson_sections (id, lesson_id, sort_order, section_type, heading, body_markdown, body_plaintext, meta_json) VALUES ('639da0c4-bc76-4f6c-a0ee-d2136bdbcff3', '71144249-a131-40b6-b7ce-33ff65c69919', 6, 'paragraph', 'Practical example', 'If a fault energizes a metal enclosure, the equipment bonding path should carry that fault current back to the source quickly enough to operate the protective device. Earth is not supposed to be the normal fault-clearing path for that enclosure. That is a core exam distinction.', 'If a fault energizes a metal enclosure, the equipment bonding path should carry that fault current back to the source quickly enough to operate the protective device. Earth is not supposed to be the normal fault-clearing path for that enclosure. That is a core exam distinction.', '{"necReferences":["250.24","250.32"]}'::jsonb);
INSERT INTO lesson_sections (id, lesson_id, sort_order, section_type, heading, body_markdown, body_plaintext, meta_json) VALUES ('70ed5c95-bb09-4317-addc-9e5bf8e3e6af', '71144249-a131-40b6-b7ce-33ff65c69919', 7, 'paragraph', 'Common mistakes', 'Students often say grounding clears faults and stop there. That answer is incomplete and usually wrong in the exam sense. Another mistake is using service rules at a feeder-supplied detached structure without checking the separate-building rules carefully.', 'Students often say grounding clears faults and stop there. That answer is incomplete and usually wrong in the exam sense. Another mistake is using service rules at a feeder-supplied detached structure without checking the separate-building rules carefully.', '{"necReferences":["250.24","250.32"]}'::jsonb);
INSERT INTO lesson_sections (id, lesson_id, sort_order, section_type, heading, body_markdown, body_plaintext, meta_json) VALUES ('abffd422-ad86-472e-8e2a-a5d60d24841e', '71144249-a131-40b6-b7ce-33ff65c69919', 8, 'paragraph', 'Exam insight', 'When the answer choices sound similar, ask yourself two questions: is this about reference to earth, or is it about returning fault current to the source? That question alone removes a lot of wrong options.', 'When the answer choices sound similar, ask yourself two questions: is this about reference to earth, or is it about returning fault current to the source? That question alone removes a lot of wrong options.', '{"necReferences":["250.24","250.32","250.50"]}'::jsonb);
INSERT INTO lesson_sections (id, lesson_id, sort_order, section_type, heading, body_markdown, body_plaintext, meta_json) VALUES ('83bc6326-1cdf-4eef-aed9-32ea23b43214', '71144249-a131-40b6-b7ce-33ff65c69919', 9, 'heading', NULL, 'Key Takeaways', 'Key Takeaways', '{}'::jsonb);
INSERT INTO lesson_sections (id, lesson_id, sort_order, section_type, heading, body_markdown, body_plaintext, meta_json) VALUES ('518129e0-572d-429e-871b-60f5d7fa36c8', '71144249-a131-40b6-b7ce-33ff65c69919', 10, 'bullet', NULL, 'Grounding and bonding are related but different functions.', 'Grounding and bonding are related but different functions.', '{}'::jsonb);
INSERT INTO lesson_sections (id, lesson_id, sort_order, section_type, heading, body_markdown, body_plaintext, meta_json) VALUES ('8d7a4378-cedb-44e3-add2-371ab7ea22d3', '71144249-a131-40b6-b7ce-33ff65c69919', 11, 'bullet', NULL, 'The grounding electrode system is not the same thing as the equipment bonding path.', 'The grounding electrode system is not the same thing as the equipment bonding path.', '{}'::jsonb);
INSERT INTO lesson_sections (id, lesson_id, sort_order, section_type, heading, body_markdown, body_plaintext, meta_json) VALUES ('167c401f-499c-4471-8a4d-da5306084ac1', '71144249-a131-40b6-b7ce-33ff65c69919', 12, 'bullet', NULL, 'Service rules and feeder-to-building rules are not interchangeable.', 'Service rules and feeder-to-building rules are not interchangeable.', '{}'::jsonb);
INSERT INTO lesson_sections (id, lesson_id, sort_order, section_type, heading, body_markdown, body_plaintext, meta_json) VALUES ('6562bdd1-d6f5-4b1c-906d-db8a0b889b42', '71144249-a131-40b6-b7ce-33ff65c69919', 13, 'bullet', NULL, 'Following the intended fault-current path is the fastest way to reason through tough questions.', 'Following the intended fault-current path is the fastest way to reason through tough questions.', '{}'::jsonb);
INSERT INTO lesson_sections (id, lesson_id, sort_order, section_type, heading, body_markdown, body_plaintext, meta_json) VALUES ('a660c1fe-8fae-40d4-8099-fb79dbc9b83b', '71144249-a131-40b6-b7ce-33ff65c69919', 14, 'heading', NULL, 'Knowledge Check', 'Knowledge Check', '{}'::jsonb);
INSERT INTO lesson_sections (id, lesson_id, sort_order, section_type, heading, body_markdown, body_plaintext, meta_json) VALUES ('0f976e1b-c068-48d3-bb89-60c317cf1bf3', '71144249-a131-40b6-b7ce-33ff65c69919', 15, 'callout', 'Question 1', 'Why is earth not the normal fault-clearing path for metal enclosures?', 'Why is earth not the normal fault-clearing path for metal enclosures?', '{}'::jsonb);
INSERT INTO lesson_sections (id, lesson_id, sort_order, section_type, heading, body_markdown, body_plaintext, meta_json) VALUES ('59cfb86d-48f7-4d8d-a62c-e85f07d8aabb', '71144249-a131-40b6-b7ce-33ff65c69919', 16, 'callout', 'Question 2', 'What main code section would you check for a feeder to a separate building?', 'What main code section would you check for a feeder to a separate building?', '{}'::jsonb);
INSERT INTO lesson_sections (id, lesson_id, sort_order, section_type, heading, body_markdown, body_plaintext, meta_json) VALUES ('82739bab-f8f1-45bd-b6bd-552b127dc4d9', '71144249-a131-40b6-b7ce-33ff65c69919', 17, 'callout', 'Question 3', 'How can you tell whether a question is really about grounding or about bonding?', 'How can you tell whether a question is really about grounding or about bonding?', '{}'::jsonb);
INSERT INTO lesson_sections (id, lesson_id, sort_order, section_type, heading, body_markdown, body_plaintext, meta_json) VALUES ('7076f9a4-1a87-4e97-9b8c-986077d95921', '0c6b6af9-e148-435c-a9ee-82726bfb398b', 1, 'paragraph', 'Learning objective', 'Identify common grounding electrodes and understand how grounding electrode conductors are selected and sized at a practical exam-prep level.', 'Identify common grounding electrodes and understand how grounding electrode conductors are selected and sized at a practical exam-prep level.', '{"necReferences":["250.50","250.66"]}'::jsonb);
INSERT INTO lesson_sections (id, lesson_id, sort_order, section_type, heading, body_markdown, body_plaintext, meta_json) VALUES ('ec221340-0f62-40ea-8b3b-046025eae049', '0c6b6af9-e148-435c-a9ee-82726bfb398b', 2, 'paragraph', 'Why this matters', 'This topic appears in both direct code questions and bigger service questions. Students lose easy points when they know electrode names but do not understand the system idea behind them.', 'This topic appears in both direct code questions and bigger service questions. Students lose easy points when they know electrode names but do not understand the system idea behind them.', '{"necReferences":["250.50","250.66"]}'::jsonb);
INSERT INTO lesson_sections (id, lesson_id, sort_order, section_type, heading, body_markdown, body_plaintext, meta_json) VALUES ('3c9687c6-f91b-4dc9-aabc-bfefa5e7d082', '0c6b6af9-e148-435c-a9ee-82726bfb398b', 3, 'paragraph', 'Core explanation', 'A building may have more than one qualifying grounding electrode. When electrodes are present, the NEC requires them to be bonded together into one grounding electrode system. The grounding electrode conductor connects the grounded service conductor or derived-system connection point to that system, and its size depends on code rules rather than guesswork.', 'A building may have more than one qualifying grounding electrode. When electrodes are present, the NEC requires them to be bonded together into one grounding electrode system. The grounding electrode conductor connects the grounded service conductor or derived-system connection point to that system, and its size depends on code rules rather than guesswork.', '{"necReferences":["250.50","250.66"]}'::jsonb);
INSERT INTO lesson_sections (id, lesson_id, sort_order, section_type, heading, body_markdown, body_plaintext, meta_json) VALUES ('c5259391-176b-49e8-b0a7-cbb1a11be45b', '0c6b6af9-e148-435c-a9ee-82726bfb398b', 4, 'paragraph', 'Key concepts', 'Common electrodes include metal underground water pipe, building steel, concrete-encased electrodes, rods, pipes, plates, and ground rings. The exam often tests whether you know that available electrodes are not optional extras. If they qualify, they become part of the required system. Sizing the grounding electrode conductor is then tied to the code method, not to a casual field estimate.', 'Common electrodes include metal underground water pipe, building steel, concrete-encased electrodes, rods, pipes, plates, and ground rings. The exam often tests whether you know that available electrodes are not optional extras. If they qualify, they become part of the required system. Sizing the grounding electrode conductor is then tied to the code method, not to a casual field estimate.', '{"necReferences":["250.50","250.66"]}'::jsonb);
INSERT INTO lesson_sections (id, lesson_id, sort_order, section_type, heading, body_markdown, body_plaintext, meta_json) VALUES ('303eb89c-3c6f-4d2b-9a4a-8df593458373', '0c6b6af9-e148-435c-a9ee-82726bfb398b', 5, 'paragraph', 'NEC / code relevance', 'NEC 250.50 requires all available electrodes to be bonded together into one system. NEC 250.66 gives sizing rules for grounding electrode conductors. Those two sections are closely linked on exams because one tells you what must exist and the other tells you how the conductor is selected.', 'NEC 250.50 requires all available electrodes to be bonded together into one system. NEC 250.66 gives sizing rules for grounding electrode conductors. Those two sections are closely linked on exams because one tells you what must exist and the other tells you how the conductor is selected.', '{"necReferences":["250.50","250.66"]}'::jsonb);
INSERT INTO lesson_sections (id, lesson_id, sort_order, section_type, heading, body_markdown, body_plaintext, meta_json) VALUES ('a86ced81-a6c3-4303-a797-be9df378a834', '0c6b6af9-e148-435c-a9ee-82726bfb398b', 6, 'paragraph', 'Practical example', 'If a building has both qualifying building steel and a concrete-encased electrode, the design conversation is not which one you prefer. The conversation is how the grounding electrode system is formed and how the grounding electrode conductor ties into the required arrangement.', 'If a building has both qualifying building steel and a concrete-encased electrode, the design conversation is not which one you prefer. The conversation is how the grounding electrode system is formed and how the grounding electrode conductor ties into the required arrangement.', '{"necReferences":["250.50","250.66"]}'::jsonb);
INSERT INTO lesson_sections (id, lesson_id, sort_order, section_type, heading, body_markdown, body_plaintext, meta_json) VALUES ('babb88c4-0daa-4070-9f5b-de25e578f856', '0c6b6af9-e148-435c-a9ee-82726bfb398b', 7, 'paragraph', 'Common mistakes', 'Students sometimes think one driven rod solves every grounding-electrode question. That shortcut misses the bigger system concept. Another mistake is forgetting that electrode-conductor sizing follows code rules tied to service-conductor size and electrode type.', 'Students sometimes think one driven rod solves every grounding-electrode question. That shortcut misses the bigger system concept. Another mistake is forgetting that electrode-conductor sizing follows code rules tied to service-conductor size and electrode type.', '{"necReferences":["250.50","250.66"]}'::jsonb);
INSERT INTO lesson_sections (id, lesson_id, sort_order, section_type, heading, body_markdown, body_plaintext, meta_json) VALUES ('bff31150-b71f-4caa-b2b8-b4c530a91871', '0c6b6af9-e148-435c-a9ee-82726bfb398b', 8, 'paragraph', 'Exam insight', 'If the question asks what electrodes must be part of the system, think system first. If it asks what size conductor is required, shift to the sizing section and read carefully for the conductor and electrode details.', 'If the question asks what electrodes must be part of the system, think system first. If it asks what size conductor is required, shift to the sizing section and read carefully for the conductor and electrode details.', '{"necReferences":["250.50","250.66"]}'::jsonb);
INSERT INTO lesson_sections (id, lesson_id, sort_order, section_type, heading, body_markdown, body_plaintext, meta_json) VALUES ('db0d2c46-d534-4304-8190-9b27ef820a3b', '0c6b6af9-e148-435c-a9ee-82726bfb398b', 9, 'heading', NULL, 'Key Takeaways', 'Key Takeaways', '{}'::jsonb);
INSERT INTO lesson_sections (id, lesson_id, sort_order, section_type, heading, body_markdown, body_plaintext, meta_json) VALUES ('2587cf9d-86d8-442f-9fd1-e04d402996d4', '0c6b6af9-e148-435c-a9ee-82726bfb398b', 10, 'bullet', NULL, 'Available qualifying electrodes must be bonded into one grounding electrode system.', 'Available qualifying electrodes must be bonded into one grounding electrode system.', '{}'::jsonb);
INSERT INTO lesson_sections (id, lesson_id, sort_order, section_type, heading, body_markdown, body_plaintext, meta_json) VALUES ('6e6c77e2-9c8c-434b-a2be-606a513b2ded', '0c6b6af9-e148-435c-a9ee-82726bfb398b', 11, 'bullet', NULL, 'A grounding electrode conductor connects the system to that electrode system according to code rules.', 'A grounding electrode conductor connects the system to that electrode system according to code rules.', '{}'::jsonb);
INSERT INTO lesson_sections (id, lesson_id, sort_order, section_type, heading, body_markdown, body_plaintext, meta_json) VALUES ('d92ef30a-124a-4ba7-b23c-07911e2c08f3', '0c6b6af9-e148-435c-a9ee-82726bfb398b', 12, 'bullet', NULL, 'Electrode questions often test system thinking first and sizing second.', 'Electrode questions often test system thinking first and sizing second.', '{}'::jsonb);
INSERT INTO lesson_sections (id, lesson_id, sort_order, section_type, heading, body_markdown, body_plaintext, meta_json) VALUES ('1209e764-b5a5-4de6-8aab-3d1353c0f6c0', '0c6b6af9-e148-435c-a9ee-82726bfb398b', 13, 'bullet', NULL, 'Driven rods are only one part of a broader grounding-electrode picture.', 'Driven rods are only one part of a broader grounding-electrode picture.', '{}'::jsonb);
INSERT INTO lesson_sections (id, lesson_id, sort_order, section_type, heading, body_markdown, body_plaintext, meta_json) VALUES ('472ba680-cc57-46fb-a291-a7f691647c0f', '0c6b6af9-e148-435c-a9ee-82726bfb398b', 14, 'heading', NULL, 'Knowledge Check', 'Knowledge Check', '{}'::jsonb);
INSERT INTO lesson_sections (id, lesson_id, sort_order, section_type, heading, body_markdown, body_plaintext, meta_json) VALUES ('4219fb57-941d-40a6-be97-c223f21319ae', '0c6b6af9-e148-435c-a9ee-82726bfb398b', 15, 'callout', 'Question 1', 'Why is a grounding-electrode question often bigger than just one driven rod?', 'Why is a grounding-electrode question often bigger than just one driven rod?', '{}'::jsonb);
INSERT INTO lesson_sections (id, lesson_id, sort_order, section_type, heading, body_markdown, body_plaintext, meta_json) VALUES ('e3fab163-53e3-4a0c-be44-d6bb810e8bc4', '0c6b6af9-e148-435c-a9ee-82726bfb398b', 16, 'callout', 'Question 2', 'Which section tells you that available electrodes must be bonded together?', 'Which section tells you that available electrodes must be bonded together?', '{}'::jsonb);
INSERT INTO lesson_sections (id, lesson_id, sort_order, section_type, heading, body_markdown, body_plaintext, meta_json) VALUES ('47abdbd4-a780-4a45-b6e0-a024f4b064f9', '0c6b6af9-e148-435c-a9ee-82726bfb398b', 17, 'callout', 'Question 3', 'What is the difference between identifying required electrodes and sizing the grounding electrode conductor?', 'What is the difference between identifying required electrodes and sizing the grounding electrode conductor?', '{}'::jsonb);
INSERT INTO lesson_sections (id, lesson_id, sort_order, section_type, heading, body_markdown, body_plaintext, meta_json) VALUES ('8bf444e0-2fe2-4ad1-9a18-b0657244657e', 'dcc853e2-a68b-4707-9e4c-a2c62da7ebb1', 1, 'paragraph', 'Learning objective', 'Use the NEC motor-conductor and overload rules more accurately by understanding why motor circuits are not sized like ordinary branch circuits.', 'Use the NEC motor-conductor and overload rules more accurately by understanding why motor circuits are not sized like ordinary branch circuits.', '{"necReferences":["430.22","430.32"]}'::jsonb);
INSERT INTO lesson_sections (id, lesson_id, sort_order, section_type, heading, body_markdown, body_plaintext, meta_json) VALUES ('a80618be-2413-441f-a76c-2d5ec98bc0b5', 'dcc853e2-a68b-4707-9e4c-a2c62da7ebb1', 2, 'paragraph', 'Why this matters', 'Motor questions scare many candidates because the rules feel different from everyday branch-circuit work. The difference is intentional. Motors start, run, and overload in ways that ordinary lighting loads do not.', 'Motor questions scare many candidates because the rules feel different from everyday branch-circuit work. The difference is intentional. Motors start, run, and overload in ways that ordinary lighting loads do not.', '{"necReferences":["430.22","430.32"]}'::jsonb);
INSERT INTO lesson_sections (id, lesson_id, sort_order, section_type, heading, body_markdown, body_plaintext, meta_json) VALUES ('109443cd-8770-4bed-b451-621a16a5cab1', 'dcc853e2-a68b-4707-9e4c-a2c62da7ebb1', 3, 'paragraph', 'Core explanation', 'Motor branch-circuit conductors are typically sized from the NEC motor full-load current tables where the code requires it, not automatically from the nameplate current. Overload protection has a different job from short-circuit and ground-fault protection. Overload protection is there to protect the motor from overheating due to excess running current, not to clear high-level fault current instantly.', 'Motor branch-circuit conductors are typically sized from the NEC motor full-load current tables where the code requires it, not automatically from the nameplate current. Overload protection has a different job from short-circuit and ground-fault protection. Overload protection is there to protect the motor from overheating due to excess running current, not to clear high-level fault current instantly.', '{"necReferences":["430.22","430.32"]}'::jsonb);
INSERT INTO lesson_sections (id, lesson_id, sort_order, section_type, heading, body_markdown, body_plaintext, meta_json) VALUES ('17f07244-75de-467b-9f14-83e1800be533', 'dcc853e2-a68b-4707-9e4c-a2c62da7ebb1', 4, 'paragraph', 'Key concepts', 'Motor conductor sizing, overload protection, and short-circuit protection are three related but separate design steps. The exam often checks whether you know which device is being discussed. If the question says overload, think about protecting the motor windings from excess current over time. If it says branch-circuit short-circuit protection, that is a different code path.', 'Motor conductor sizing, overload protection, and short-circuit protection are three related but separate design steps. The exam often checks whether you know which device is being discussed. If the question says overload, think about protecting the motor windings from excess current over time. If it says branch-circuit short-circuit protection, that is a different code path.', '{"necReferences":["430.22","430.32"]}'::jsonb);
INSERT INTO lesson_sections (id, lesson_id, sort_order, section_type, heading, body_markdown, body_plaintext, meta_json) VALUES ('1d4ef753-4935-421e-bca2-6e487d96a113', 'dcc853e2-a68b-4707-9e4c-a2c62da7ebb1', 5, 'paragraph', 'NEC / code relevance', 'NEC 430.22 covers motor branch-circuit conductors. NEC 430.32 covers overload protection. Together they show that motors have their own code logic and should not be treated like a simple resistive load on a standard branch circuit.', 'NEC 430.22 covers motor branch-circuit conductors. NEC 430.32 covers overload protection. Together they show that motors have their own code logic and should not be treated like a simple resistive load on a standard branch circuit.', '{"necReferences":["430.22","430.32"]}'::jsonb);
INSERT INTO lesson_sections (id, lesson_id, sort_order, section_type, heading, body_markdown, body_plaintext, meta_json) VALUES ('56ceaef3-9815-417c-892c-4ccc705d97b2', 'dcc853e2-a68b-4707-9e4c-a2c62da7ebb1', 6, 'paragraph', 'Practical example', 'A motor may need conductors sized by the applicable motor rules while the overload device is set to protect the motor from sustained overcurrent during operation. That can feel strange to students who expect one number to control every part of the circuit design.', 'A motor may need conductors sized by the applicable motor rules while the overload device is set to protect the motor from sustained overcurrent during operation. That can feel strange to students who expect one number to control every part of the circuit design.', '{"necReferences":["430.22","430.32"]}'::jsonb);
INSERT INTO lesson_sections (id, lesson_id, sort_order, section_type, heading, body_markdown, body_plaintext, meta_json) VALUES ('b2771828-a1f2-4141-9e1d-32b7e1e35ccd', 'dcc853e2-a68b-4707-9e4c-a2c62da7ebb1', 7, 'paragraph', 'Common mistakes', 'The biggest mistake is using the nameplate current everywhere without checking whether the NEC table value is required. Another is confusing overload protection with the branch-circuit device that handles short circuits and ground faults.', 'The biggest mistake is using the nameplate current everywhere without checking whether the NEC table value is required. Another is confusing overload protection with the branch-circuit device that handles short circuits and ground faults.', '{"necReferences":["430.22","430.32"]}'::jsonb);
INSERT INTO lesson_sections (id, lesson_id, sort_order, section_type, heading, body_markdown, body_plaintext, meta_json) VALUES ('51855cec-7d48-432f-9357-e665ac45842e', 'dcc853e2-a68b-4707-9e4c-a2c62da7ebb1', 8, 'paragraph', 'Exam insight', 'When you see a motor question, write down which of the three jobs is being tested: conductors, overload, or short-circuit protection. That simple habit prevents a lot of wrong turns.', 'When you see a motor question, write down which of the three jobs is being tested: conductors, overload, or short-circuit protection. That simple habit prevents a lot of wrong turns.', '{"necReferences":["430.22","430.32"]}'::jsonb);
INSERT INTO lesson_sections (id, lesson_id, sort_order, section_type, heading, body_markdown, body_plaintext, meta_json) VALUES ('6579ee9c-d1e8-4465-91d2-13f59c52a148', 'dcc853e2-a68b-4707-9e4c-a2c62da7ebb1', 9, 'heading', NULL, 'Key Takeaways', 'Key Takeaways', '{}'::jsonb);
INSERT INTO lesson_sections (id, lesson_id, sort_order, section_type, heading, body_markdown, body_plaintext, meta_json) VALUES ('e7353cec-2a8d-4e30-ab95-a18a4e110834', 'dcc853e2-a68b-4707-9e4c-a2c62da7ebb1', 10, 'bullet', NULL, 'Motor circuits follow their own NEC logic.', 'Motor circuits follow their own NEC logic.', '{}'::jsonb);
INSERT INTO lesson_sections (id, lesson_id, sort_order, section_type, heading, body_markdown, body_plaintext, meta_json) VALUES ('9fa15094-592e-4695-ac98-d5769ea871b8', 'dcc853e2-a68b-4707-9e4c-a2c62da7ebb1', 11, 'bullet', NULL, 'Conductors, overload protection, and short-circuit protection are separate design steps.', 'Conductors, overload protection, and short-circuit protection are separate design steps.', '{}'::jsonb);
INSERT INTO lesson_sections (id, lesson_id, sort_order, section_type, heading, body_markdown, body_plaintext, meta_json) VALUES ('2b2127e6-c836-421c-9e1a-c5fb62c178b9', 'dcc853e2-a68b-4707-9e4c-a2c62da7ebb1', 12, 'bullet', NULL, 'Overload protection protects the motor from overheating during operation.', 'Overload protection protects the motor from overheating during operation.', '{}'::jsonb);
INSERT INTO lesson_sections (id, lesson_id, sort_order, section_type, heading, body_markdown, body_plaintext, meta_json) VALUES ('c9a35fb2-77a7-48ad-b457-d8c6f6a87fb5', 'dcc853e2-a68b-4707-9e4c-a2c62da7ebb1', 13, 'bullet', NULL, 'Motor questions often turn on whether you should use a table value or another source value.', 'Motor questions often turn on whether you should use a table value or another source value.', '{}'::jsonb);
INSERT INTO lesson_sections (id, lesson_id, sort_order, section_type, heading, body_markdown, body_plaintext, meta_json) VALUES ('3fa67409-96ad-4060-b167-24bc526b27a6', 'dcc853e2-a68b-4707-9e4c-a2c62da7ebb1', 14, 'heading', NULL, 'Knowledge Check', 'Knowledge Check', '{}'::jsonb);
INSERT INTO lesson_sections (id, lesson_id, sort_order, section_type, heading, body_markdown, body_plaintext, meta_json) VALUES ('c11430e6-c273-40c4-a939-70eca708675d', 'dcc853e2-a68b-4707-9e4c-a2c62da7ebb1', 15, 'callout', 'Question 1', 'Why is overload protection not the same thing as short-circuit protection in a motor circuit?', 'Why is overload protection not the same thing as short-circuit protection in a motor circuit?', '{}'::jsonb);
INSERT INTO lesson_sections (id, lesson_id, sort_order, section_type, heading, body_markdown, body_plaintext, meta_json) VALUES ('211856d2-0fc1-4c1f-963a-77445634c658', 'dcc853e2-a68b-4707-9e4c-a2c62da7ebb1', 16, 'callout', 'Question 2', 'What is the first question to ask when a motor problem appears on an exam?', 'What is the first question to ask when a motor problem appears on an exam?', '{}'::jsonb);
INSERT INTO lesson_sections (id, lesson_id, sort_order, section_type, heading, body_markdown, body_plaintext, meta_json) VALUES ('630bc2ba-70a5-4f56-8a7b-c9ba7fdcaf88', 'dcc853e2-a68b-4707-9e4c-a2c62da7ebb1', 17, 'callout', 'Question 3', 'Why can motor circuits feel different from ordinary branch-circuit sizing questions?', 'Why can motor circuits feel different from ordinary branch-circuit sizing questions?', '{}'::jsonb);
INSERT INTO lesson_sections (id, lesson_id, sort_order, section_type, heading, body_markdown, body_plaintext, meta_json) VALUES ('868e9d24-5b74-46dd-b7d2-1e7ea3059662', 'ed52a359-658b-433e-bba4-0680bf829ff9', 1, 'paragraph', 'Learning objective', 'Understand what motor branch-circuit short-circuit and ground-fault protection is supposed to do and why its sizing rules can look higher than new learners expect.', 'Understand what motor branch-circuit short-circuit and ground-fault protection is supposed to do and why its sizing rules can look higher than new learners expect.', '{"necReferences":["430.52"]}'::jsonb);
INSERT INTO lesson_sections (id, lesson_id, sort_order, section_type, heading, body_markdown, body_plaintext, meta_json) VALUES ('6f7b65a5-4f95-4230-a481-b640dc051c49', 'ed52a359-658b-433e-bba4-0680bf829ff9', 2, 'paragraph', 'Why this matters', 'Students often panic when they see a motor protective-device value that seems larger than the conductor ampacity or overload setting. The rules look unusual only until you understand the purpose of each protective layer.', 'Students often panic when they see a motor protective-device value that seems larger than the conductor ampacity or overload setting. The rules look unusual only until you understand the purpose of each protective layer.', '{"necReferences":["430.52"]}'::jsonb);
INSERT INTO lesson_sections (id, lesson_id, sort_order, section_type, heading, body_markdown, body_plaintext, meta_json) VALUES ('138d5b01-5e48-41eb-9d41-39683974912a', 'ed52a359-658b-433e-bba4-0680bf829ff9', 3, 'paragraph', 'Core explanation', 'Motor branch-circuit short-circuit and ground-fault protection is designed to protect the circuit against severe fault current and allow the motor to start without nuisance tripping. That is different from overload protection, which protects the motor from excess running current over time. Because the purposes differ, the sizing path also differs.', 'Motor branch-circuit short-circuit and ground-fault protection is designed to protect the circuit against severe fault current and allow the motor to start without nuisance tripping. That is different from overload protection, which protects the motor from excess running current over time. Because the purposes differ, the sizing path also differs.', '{"necReferences":["430.52"]}'::jsonb);
INSERT INTO lesson_sections (id, lesson_id, sort_order, section_type, heading, body_markdown, body_plaintext, meta_json) VALUES ('a142c7cf-562b-42eb-b9e4-35e6f13af083', 'ed52a359-658b-433e-bba4-0680bf829ff9', 4, 'paragraph', 'Key concepts', 'The branch-circuit protective device is not there to perform every protective job by itself. Motor starting current can be high for a short time, so the branch-circuit protection has to be chosen with that operating reality in mind. The code tables and rules exist so the motor can start while still having fault protection.', 'The branch-circuit protective device is not there to perform every protective job by itself. Motor starting current can be high for a short time, so the branch-circuit protection has to be chosen with that operating reality in mind. The code tables and rules exist so the motor can start while still having fault protection.', '{"necReferences":["430.52"]}'::jsonb);
INSERT INTO lesson_sections (id, lesson_id, sort_order, section_type, heading, body_markdown, body_plaintext, meta_json) VALUES ('3d8d4d49-835a-4269-af94-ff34d0e83b7d', 'ed52a359-658b-433e-bba4-0680bf829ff9', 5, 'paragraph', 'NEC / code relevance', 'NEC 430.52 is the key section for motor branch-circuit short-circuit and ground-fault protection. It is heavily tested because it forces candidates to understand purpose, not just memorize a single percentage.', 'NEC 430.52 is the key section for motor branch-circuit short-circuit and ground-fault protection. It is heavily tested because it forces candidates to understand purpose, not just memorize a single percentage.', '{"necReferences":["430.52"]}'::jsonb);
INSERT INTO lesson_sections (id, lesson_id, sort_order, section_type, heading, body_markdown, body_plaintext, meta_json) VALUES ('08e767b4-c107-46db-a527-c31ab4311204', 'ed52a359-658b-433e-bba4-0680bf829ff9', 6, 'paragraph', 'Practical example', 'A student may be surprised that a motor branch-circuit protective device can be sized differently from the overload device. That is not a contradiction. It reflects the difference between handling startup and clearing a fault versus protecting the motor from long-term overheating.', 'A student may be surprised that a motor branch-circuit protective device can be sized differently from the overload device. That is not a contradiction. It reflects the difference between handling startup and clearing a fault versus protecting the motor from long-term overheating.', '{"necReferences":["430.52"]}'::jsonb);
INSERT INTO lesson_sections (id, lesson_id, sort_order, section_type, heading, body_markdown, body_plaintext, meta_json) VALUES ('9d715d20-302b-4e55-9106-e801b0ac6dfd', 'ed52a359-658b-433e-bba4-0680bf829ff9', 7, 'paragraph', 'Common mistakes', 'A common mistake is calling every motor protective device an overload device. Another is assuming a larger short-circuit protective-device setting is automatically unsafe without understanding why the code allows it in that context.', 'A common mistake is calling every motor protective device an overload device. Another is assuming a larger short-circuit protective-device setting is automatically unsafe without understanding why the code allows it in that context.', '{"necReferences":["430.52"]}'::jsonb);
INSERT INTO lesson_sections (id, lesson_id, sort_order, section_type, heading, body_markdown, body_plaintext, meta_json) VALUES ('705201e8-ec6d-4569-93c0-97da032da0ac', 'ed52a359-658b-433e-bba4-0680bf829ff9', 8, 'paragraph', 'Exam insight', 'Read the exact words in the question. If it says short-circuit and ground-fault protection, go straight to 430.52 logic. Do not answer with overload language just because it sounds familiar.', 'Read the exact words in the question. If it says short-circuit and ground-fault protection, go straight to 430.52 logic. Do not answer with overload language just because it sounds familiar.', '{"necReferences":["430.52"]}'::jsonb);
INSERT INTO lesson_sections (id, lesson_id, sort_order, section_type, heading, body_markdown, body_plaintext, meta_json) VALUES ('13d66178-f5fd-4d83-b0a4-3896786da5e6', 'ed52a359-658b-433e-bba4-0680bf829ff9', 9, 'heading', NULL, 'Key Takeaways', 'Key Takeaways', '{}'::jsonb);
INSERT INTO lesson_sections (id, lesson_id, sort_order, section_type, heading, body_markdown, body_plaintext, meta_json) VALUES ('a4fc66f8-ad04-4edb-90a2-78b1f85ecf5f', 'ed52a359-658b-433e-bba4-0680bf829ff9', 10, 'bullet', NULL, 'Motor short-circuit protection and overload protection serve different functions.', 'Motor short-circuit protection and overload protection serve different functions.', '{}'::jsonb);
INSERT INTO lesson_sections (id, lesson_id, sort_order, section_type, heading, body_markdown, body_plaintext, meta_json) VALUES ('740dcd13-4860-44e1-aec2-f02322b21f72', 'ed52a359-658b-433e-bba4-0680bf829ff9', 11, 'bullet', NULL, 'Motor startup current is one reason these rules look different from ordinary circuits.', 'Motor startup current is one reason these rules look different from ordinary circuits.', '{}'::jsonb);
INSERT INTO lesson_sections (id, lesson_id, sort_order, section_type, heading, body_markdown, body_plaintext, meta_json) VALUES ('e5e21c74-8de9-463e-bc22-b19eb7e8d625', 'ed52a359-658b-433e-bba4-0680bf829ff9', 12, 'bullet', NULL, 'Article 430.52 is the main code path for this topic.', 'Article 430.52 is the main code path for this topic.', '{}'::jsonb);
INSERT INTO lesson_sections (id, lesson_id, sort_order, section_type, heading, body_markdown, body_plaintext, meta_json) VALUES ('96e142a1-314d-4cf2-8f1d-8f92d50916de', 'ed52a359-658b-433e-bba4-0680bf829ff9', 13, 'bullet', NULL, 'The wording of the question tells you which protective job is being tested.', 'The wording of the question tells you which protective job is being tested.', '{}'::jsonb);
INSERT INTO lesson_sections (id, lesson_id, sort_order, section_type, heading, body_markdown, body_plaintext, meta_json) VALUES ('75a02ce8-7654-4b56-8a88-f7652c7a36bf', 'ed52a359-658b-433e-bba4-0680bf829ff9', 14, 'heading', NULL, 'Knowledge Check', 'Knowledge Check', '{}'::jsonb);
INSERT INTO lesson_sections (id, lesson_id, sort_order, section_type, heading, body_markdown, body_plaintext, meta_json) VALUES ('c7b145ca-08b9-4ef6-9e47-6c017fce448a', 'ed52a359-658b-433e-bba4-0680bf829ff9', 15, 'callout', 'Question 1', 'Why can a motor branch-circuit protective device look larger than a learner expects?', 'Why can a motor branch-circuit protective device look larger than a learner expects?', '{}'::jsonb);
INSERT INTO lesson_sections (id, lesson_id, sort_order, section_type, heading, body_markdown, body_plaintext, meta_json) VALUES ('f67c6a39-9656-4c9d-ae4c-cb768980bf14', 'ed52a359-658b-433e-bba4-0680bf829ff9', 16, 'callout', 'Question 2', 'What is the main difference between overload protection and short-circuit protection for motors?', 'What is the main difference between overload protection and short-circuit protection for motors?', '{}'::jsonb);
INSERT INTO lesson_sections (id, lesson_id, sort_order, section_type, heading, body_markdown, body_plaintext, meta_json) VALUES ('2b447c1d-b659-49e8-aace-88de00285cfc', 'ed52a359-658b-433e-bba4-0680bf829ff9', 17, 'callout', 'Question 3', 'If a question says ground-fault and short-circuit protection, which section should guide your search?', 'If a question says ground-fault and short-circuit protection, which section should guide your search?', '{}'::jsonb);
INSERT INTO lesson_sections (id, lesson_id, sort_order, section_type, heading, body_markdown, body_plaintext, meta_json) VALUES ('ec207dc9-7366-4ca3-8fa1-34eeb89540d3', 'a54341a4-d901-4ad6-8a4b-a2a943a71bd4', 1, 'paragraph', 'Learning objective', 'Follow a service-and-feeder design workflow that starts with load identification, moves through calculation logic, and ends with conductor and equipment decisions.', 'Follow a service-and-feeder design workflow that starts with load identification, moves through calculation logic, and ends with conductor and equipment decisions.', '{"necReferences":["220.40","230.42"]}'::jsonb);
INSERT INTO lesson_sections (id, lesson_id, sort_order, section_type, heading, body_markdown, body_plaintext, meta_json) VALUES ('f888e5bf-2a46-488d-89cb-37dcd7c46990', 'a54341a4-d901-4ad6-8a4b-a2a943a71bd4', 2, 'paragraph', 'Why this matters', 'Master-level exams reward process discipline. These questions are less about one isolated section and more about whether you can move through the design path without skipping a step.', 'Master-level exams reward process discipline. These questions are less about one isolated section and more about whether you can move through the design path without skipping a step.', '{"necReferences":["220.40","230.42"]}'::jsonb);
INSERT INTO lesson_sections (id, lesson_id, sort_order, section_type, heading, body_markdown, body_plaintext, meta_json) VALUES ('a0e4eb4d-516b-4d26-9370-82b9ce282537', 'a54341a4-d901-4ad6-8a4b-a2a943a71bd4', 3, 'paragraph', 'Core explanation', 'Service and feeder design starts with understanding the occupancy, load types, and calculation method that applies. After that, the designer determines connected load, applies demand or optional rules where allowed, identifies the governing ampacity, and then selects conductors and equipment to match the final calculated load. Good workflow prevents rework because each later choice depends on the earlier load decision.', 'Service and feeder design starts with understanding the occupancy, load types, and calculation method that applies. After that, the designer determines connected load, applies demand or optional rules where allowed, identifies the governing ampacity, and then selects conductors and equipment to match the final calculated load. Good workflow prevents rework because each later choice depends on the earlier load decision.', '{"necReferences":["220.40","230.42"]}'::jsonb);
INSERT INTO lesson_sections (id, lesson_id, sort_order, section_type, heading, body_markdown, body_plaintext, meta_json) VALUES ('cdb5033e-9f2a-411b-9f3d-01510bb0256a', 'a54341a4-d901-4ad6-8a4b-a2a943a71bd4', 4, 'paragraph', 'Key concepts', 'Do not start with a conductor size and work backward. Start with the load path. Separate lighting, receptacle, appliance, HVAC, motor, and noncoincident considerations as needed. Then decide whether the question is really about a service, a feeder, or both. Master-level accuracy comes from sequencing, not speed alone.', 'Do not start with a conductor size and work backward. Start with the load path. Separate lighting, receptacle, appliance, HVAC, motor, and noncoincident considerations as needed. Then decide whether the question is really about a service, a feeder, or both. Master-level accuracy comes from sequencing, not speed alone.', '{"necReferences":["220.40","230.42"]}'::jsonb);
INSERT INTO lesson_sections (id, lesson_id, sort_order, section_type, heading, body_markdown, body_plaintext, meta_json) VALUES ('6a739d73-21bd-4d2a-bbca-f6ef616d8bd1', 'a54341a4-d901-4ad6-8a4b-a2a943a71bd4', 5, 'paragraph', 'NEC / code relevance', 'NEC 220.40 frames the calculation path for feeders and services. NEC 230.42 covers service-conductor ampacity requirements. Together they remind the reader that conductors are chosen after the correct load logic is established, not before.', 'NEC 220.40 frames the calculation path for feeders and services. NEC 230.42 covers service-conductor ampacity requirements. Together they remind the reader that conductors are chosen after the correct load logic is established, not before.', '{"necReferences":["220.40","230.42"]}'::jsonb);
INSERT INTO lesson_sections (id, lesson_id, sort_order, section_type, heading, body_markdown, body_plaintext, meta_json) VALUES ('7265f527-a984-4047-9e7d-82c2979b5f36', 'a54341a4-d901-4ad6-8a4b-a2a943a71bd4', 6, 'paragraph', 'Practical example', 'A mixed-load building problem often tempts students to jump straight to conductor ampacity. The better move is to list the loads by category, identify any demand-factor rules that apply, add the controlling values, and only then move to service or feeder conductor sizing.', 'A mixed-load building problem often tempts students to jump straight to conductor ampacity. The better move is to list the loads by category, identify any demand-factor rules that apply, add the controlling values, and only then move to service or feeder conductor sizing.', '{"necReferences":["220.40","230.42"]}'::jsonb);
INSERT INTO lesson_sections (id, lesson_id, sort_order, section_type, heading, body_markdown, body_plaintext, meta_json) VALUES ('4eaaca2d-0d8c-4ca0-a336-194c64627920', 'a54341a4-d901-4ad6-8a4b-a2a943a71bd4', 7, 'paragraph', 'Common mistakes', 'Master candidates still lose points by mixing service and feeder language or by skipping the question of which loads can be reduced. Another mistake is assuming the largest connected number must always control the final calculation without checking the demand rules.', 'Master candidates still lose points by mixing service and feeder language or by skipping the question of which loads can be reduced. Another mistake is assuming the largest connected number must always control the final calculation without checking the demand rules.', '{"necReferences":["220.40","230.42"]}'::jsonb);
INSERT INTO lesson_sections (id, lesson_id, sort_order, section_type, heading, body_markdown, body_plaintext, meta_json) VALUES ('5c6c2a45-e7ab-490b-ba04-e3cf92bf524f', 'a54341a4-d901-4ad6-8a4b-a2a943a71bd4', 8, 'paragraph', 'Exam insight', 'Write a workflow on scratch paper before solving complex design questions. A short checklist such as identify loads, choose method, apply demand, size conductors keeps advanced problems from turning into messy guesses.', 'Write a workflow on scratch paper before solving complex design questions. A short checklist such as identify loads, choose method, apply demand, size conductors keeps advanced problems from turning into messy guesses.', '{"necReferences":["220.40","230.42"]}'::jsonb);
INSERT INTO lesson_sections (id, lesson_id, sort_order, section_type, heading, body_markdown, body_plaintext, meta_json) VALUES ('ad254e6f-f0ba-46d0-9bc3-ebf5430878fc', 'a54341a4-d901-4ad6-8a4b-a2a943a71bd4', 9, 'heading', NULL, 'Key Takeaways', 'Key Takeaways', '{}'::jsonb);
INSERT INTO lesson_sections (id, lesson_id, sort_order, section_type, heading, body_markdown, body_plaintext, meta_json) VALUES ('14852a31-9f9c-4e2f-a0a6-46cbc7a24582', 'a54341a4-d901-4ad6-8a4b-a2a943a71bd4', 10, 'bullet', NULL, 'Design questions are workflow questions before they are conductor questions.', 'Design questions are workflow questions before they are conductor questions.', '{}'::jsonb);
INSERT INTO lesson_sections (id, lesson_id, sort_order, section_type, heading, body_markdown, body_plaintext, meta_json) VALUES ('524eb71b-632c-43d9-b1a5-5f1fd295d09e', 'a54341a4-d901-4ad6-8a4b-a2a943a71bd4', 11, 'bullet', NULL, 'Load identification comes before ampacity selection.', 'Load identification comes before ampacity selection.', '{}'::jsonb);
INSERT INTO lesson_sections (id, lesson_id, sort_order, section_type, heading, body_markdown, body_plaintext, meta_json) VALUES ('94667e88-e86c-441c-a909-6c2127d417c0', 'a54341a4-d901-4ad6-8a4b-a2a943a71bd4', 12, 'bullet', NULL, 'Service and feeder language should stay clearly separated.', 'Service and feeder language should stay clearly separated.', '{}'::jsonb);
INSERT INTO lesson_sections (id, lesson_id, sort_order, section_type, heading, body_markdown, body_plaintext, meta_json) VALUES ('854dc519-0a8f-4dc8-b793-9146f60a4596', 'a54341a4-d901-4ad6-8a4b-a2a943a71bd4', 13, 'bullet', NULL, 'Demand logic can change the answer path significantly.', 'Demand logic can change the answer path significantly.', '{}'::jsonb);
INSERT INTO lesson_sections (id, lesson_id, sort_order, section_type, heading, body_markdown, body_plaintext, meta_json) VALUES ('23d32f22-a13e-4c73-bba1-701237d4eb9e', 'a54341a4-d901-4ad6-8a4b-a2a943a71bd4', 14, 'heading', NULL, 'Knowledge Check', 'Knowledge Check', '{}'::jsonb);
INSERT INTO lesson_sections (id, lesson_id, sort_order, section_type, heading, body_markdown, body_plaintext, meta_json) VALUES ('08e58050-f505-4306-9d94-cd8cc18a3f8e', 'a54341a4-d901-4ad6-8a4b-a2a943a71bd4', 15, 'callout', 'Question 1', 'Why is starting with conductor size a weak approach to service design questions?', 'Why is starting with conductor size a weak approach to service design questions?', '{}'::jsonb);
INSERT INTO lesson_sections (id, lesson_id, sort_order, section_type, heading, body_markdown, body_plaintext, meta_json) VALUES ('8a386291-7253-45d6-9fa0-822ee697e37d', 'a54341a4-d901-4ad6-8a4b-a2a943a71bd4', 16, 'callout', 'Question 2', 'What is the value of writing a workflow before solving a complex load problem?', 'What is the value of writing a workflow before solving a complex load problem?', '{}'::jsonb);
INSERT INTO lesson_sections (id, lesson_id, sort_order, section_type, heading, body_markdown, body_plaintext, meta_json) VALUES ('ee41741f-3422-4e83-838c-13277b2d6307', 'a54341a4-d901-4ad6-8a4b-a2a943a71bd4', 17, 'callout', 'Question 3', 'How can confusing feeder language with service language affect the final answer?', 'How can confusing feeder language with service language affect the final answer?', '{}'::jsonb);
INSERT INTO lesson_sections (id, lesson_id, sort_order, section_type, heading, body_markdown, body_plaintext, meta_json) VALUES ('8ac758ed-14d9-478f-9230-38f6f5b0f3cb', '0f92cda0-eff0-42b8-bcb2-1bea9d0f13bc', 1, 'paragraph', 'Learning objective', 'Use NEC tables, notes, and exceptions more strategically so you can read advanced questions with better judgment and fewer avoidable misses.', 'Use NEC tables, notes, and exceptions more strategically so you can read advanced questions with better judgment and fewer avoidable misses.', '{"necReferences":["220.42","310.16"]}'::jsonb);
INSERT INTO lesson_sections (id, lesson_id, sort_order, section_type, heading, body_markdown, body_plaintext, meta_json) VALUES ('0a98d759-1513-4771-9bb9-541b0db6771d', '0f92cda0-eff0-42b8-bcb2-1bea9d0f13bc', 2, 'paragraph', 'Why this matters', 'Master exams often hide the real challenge in the small print. A student may know the main rule but still miss the problem by overlooking a table note, exception, or limitation that changes the result.', 'Master exams often hide the real challenge in the small print. A student may know the main rule but still miss the problem by overlooking a table note, exception, or limitation that changes the result.', '{"necReferences":["220.42","310.16"]}'::jsonb);
INSERT INTO lesson_sections (id, lesson_id, sort_order, section_type, heading, body_markdown, body_plaintext, meta_json) VALUES ('06275340-66a4-428b-8523-5495fa3e0b0e', '0f92cda0-eff0-42b8-bcb2-1bea9d0f13bc', 3, 'paragraph', 'Core explanation', 'Tables organize complex information efficiently, but they only work when you read their titles, scope, notes, and conditions carefully. Notes and exceptions can narrow, expand, or redirect the answer path depending on the article. Advanced code work is not about reading faster. It is about reading more deliberately when the code starts layering conditions.', 'Tables organize complex information efficiently, but they only work when you read their titles, scope, notes, and conditions carefully. Notes and exceptions can narrow, expand, or redirect the answer path depending on the article. Advanced code work is not about reading faster. It is about reading more deliberately when the code starts layering conditions.', '{"necReferences":["220.42","310.16"]}'::jsonb);
INSERT INTO lesson_sections (id, lesson_id, sort_order, section_type, heading, body_markdown, body_plaintext, meta_json) VALUES ('bf91127a-0bc5-4ca8-a0da-0297bb4eb44d', '0f92cda0-eff0-42b8-bcb2-1bea9d0f13bc', 4, 'paragraph', 'Key concepts', 'A table value outside its stated conditions is not a valid answer. An exception is not a free shortcut; it applies only when its conditions are satisfied. Notes also need context. Some are informational and explanatory, while others are integral to how the table is read. Strong exam performance comes from treating every table like a small rule system, not a list of numbers.', 'A table value outside its stated conditions is not a valid answer. An exception is not a free shortcut; it applies only when its conditions are satisfied. Notes also need context. Some are informational and explanatory, while others are integral to how the table is read. Strong exam performance comes from treating every table like a small rule system, not a list of numbers.', '{"necReferences":["220.42","310.16"]}'::jsonb);
INSERT INTO lesson_sections (id, lesson_id, sort_order, section_type, heading, body_markdown, body_plaintext, meta_json) VALUES ('25140c51-1f5a-4635-9fc0-c2a2da96e85f', '0f92cda0-eff0-42b8-bcb2-1bea9d0f13bc', 5, 'paragraph', 'NEC / code relevance', 'NEC 220.42 and NEC 310.16 are good examples of places where table reading and context matter. In both cases, the title and surrounding language control how the data is used. The advanced student reads the structure around the table, not just the cells inside it.', 'NEC 220.42 and NEC 310.16 are good examples of places where table reading and context matter. In both cases, the title and surrounding language control how the data is used. The advanced student reads the structure around the table, not just the cells inside it.', '{"necReferences":["220.42","310.16"]}'::jsonb);
INSERT INTO lesson_sections (id, lesson_id, sort_order, section_type, heading, body_markdown, body_plaintext, meta_json) VALUES ('bd9c5ad0-5d21-4bd0-92aa-f783dcf7629d', '0f92cda0-eff0-42b8-bcb2-1bea9d0f13bc', 6, 'paragraph', 'Practical example', 'A candidate may find the number they expected in a table and circle it too quickly. But if the problem conditions do not match the table assumptions, or if a note changes how the value is applied, that quick answer becomes the wrong answer with great confidence.', 'A candidate may find the number they expected in a table and circle it too quickly. But if the problem conditions do not match the table assumptions, or if a note changes how the value is applied, that quick answer becomes the wrong answer with great confidence.', '{"necReferences":["220.42","310.16"]}'::jsonb);
INSERT INTO lesson_sections (id, lesson_id, sort_order, section_type, heading, body_markdown, body_plaintext, meta_json) VALUES ('a2e9cd4d-1d74-4193-81e3-9e010c3b34bc', '0f92cda0-eff0-42b8-bcb2-1bea9d0f13bc', 7, 'paragraph', 'Common mistakes', 'The common mistake is tunnel vision. Students see a familiar table and stop reading. Another mistake is treating all notes the same instead of deciding whether the note is explanatory, limiting, or part of the application path.', 'The common mistake is tunnel vision. Students see a familiar table and stop reading. Another mistake is treating all notes the same instead of deciding whether the note is explanatory, limiting, or part of the application path.', '{"necReferences":["220.42","310.16"]}'::jsonb);
INSERT INTO lesson_sections (id, lesson_id, sort_order, section_type, heading, body_markdown, body_plaintext, meta_json) VALUES ('6a3450bd-dc19-4718-8579-31de70e45fb7', '0f92cda0-eff0-42b8-bcb2-1bea9d0f13bc', 8, 'paragraph', 'Exam insight', 'When a question includes a table citation, slow down on purpose. The time you spend reading the heading, note, or exception is often the time that protects you from a very expensive wrong answer.', 'When a question includes a table citation, slow down on purpose. The time you spend reading the heading, note, or exception is often the time that protects you from a very expensive wrong answer.', '{"necReferences":["220.42","310.16"]}'::jsonb);
INSERT INTO lesson_sections (id, lesson_id, sort_order, section_type, heading, body_markdown, body_plaintext, meta_json) VALUES ('2164385c-124f-4f8e-b228-8ff8fb6189f9', '0f92cda0-eff0-42b8-bcb2-1bea9d0f13bc', 9, 'heading', NULL, 'Key Takeaways', 'Key Takeaways', '{}'::jsonb);
INSERT INTO lesson_sections (id, lesson_id, sort_order, section_type, heading, body_markdown, body_plaintext, meta_json) VALUES ('f70538ec-f9d1-4feb-9e2e-757bc47d2c54', '0f92cda0-eff0-42b8-bcb2-1bea9d0f13bc', 10, 'bullet', NULL, 'A table must be read with its title, scope, and surrounding language.', 'A table must be read with its title, scope, and surrounding language.', '{}'::jsonb);
INSERT INTO lesson_sections (id, lesson_id, sort_order, section_type, heading, body_markdown, body_plaintext, meta_json) VALUES ('f701e535-8a8c-4650-97d0-de9198b96606', '0f92cda0-eff0-42b8-bcb2-1bea9d0f13bc', 11, 'bullet', NULL, 'Exceptions only apply when their conditions are actually met.', 'Exceptions only apply when their conditions are actually met.', '{}'::jsonb);
INSERT INTO lesson_sections (id, lesson_id, sort_order, section_type, heading, body_markdown, body_plaintext, meta_json) VALUES ('6b4db509-e4cc-4446-9002-9e90cdacf9fc', '0f92cda0-eff0-42b8-bcb2-1bea9d0f13bc', 12, 'bullet', NULL, 'Advanced exam problems often turn on the small print around a familiar rule.', 'Advanced exam problems often turn on the small print around a familiar rule.', '{}'::jsonb);
INSERT INTO lesson_sections (id, lesson_id, sort_order, section_type, heading, body_markdown, body_plaintext, meta_json) VALUES ('ffe34d83-232d-40e5-a7c0-ab0b815ee6f4', '0f92cda0-eff0-42b8-bcb2-1bea9d0f13bc', 13, 'bullet', NULL, 'Deliberate reading beats fast guessing on master-level code questions.', 'Deliberate reading beats fast guessing on master-level code questions.', '{}'::jsonb);
INSERT INTO lesson_sections (id, lesson_id, sort_order, section_type, heading, body_markdown, body_plaintext, meta_json) VALUES ('adeeabd9-23ff-4a58-a208-d974539b76da', '0f92cda0-eff0-42b8-bcb2-1bea9d0f13bc', 14, 'heading', NULL, 'Knowledge Check', 'Knowledge Check', '{}'::jsonb);
INSERT INTO lesson_sections (id, lesson_id, sort_order, section_type, heading, body_markdown, body_plaintext, meta_json) VALUES ('76b33a6c-02b4-4c55-a2e6-018dadc2b466', '0f92cda0-eff0-42b8-bcb2-1bea9d0f13bc', 15, 'callout', 'Question 1', 'Why is reading only the table values without the heading risky?', 'Why is reading only the table values without the heading risky?', '{}'::jsonb);
INSERT INTO lesson_sections (id, lesson_id, sort_order, section_type, heading, body_markdown, body_plaintext, meta_json) VALUES ('0ebb0cfa-ea33-49c4-a08d-99ef3c82ff00', '0f92cda0-eff0-42b8-bcb2-1bea9d0f13bc', 16, 'callout', 'Question 2', 'What is the difference between seeing a table and truly applying it correctly?', 'What is the difference between seeing a table and truly applying it correctly?', '{}'::jsonb);
INSERT INTO lesson_sections (id, lesson_id, sort_order, section_type, heading, body_markdown, body_plaintext, meta_json) VALUES ('fa64caa6-b4ae-4118-816d-910126698e29', '0f92cda0-eff0-42b8-bcb2-1bea9d0f13bc', 17, 'callout', 'Question 3', 'Why can a note or exception change the answer even when the main table looks familiar?', 'Why can a note or exception change the answer even when the main table looks familiar?', '{}'::jsonb);
INSERT INTO lesson_sections (id, lesson_id, sort_order, section_type, heading, body_markdown, body_plaintext, meta_json) VALUES ('94e3b647-5f84-47ee-bd9c-2d772e114ab1', 'fa82e6c5-799d-4610-a465-cdf06f82724b', 1, 'paragraph', 'Learning objective', 'Work through the optional dwelling calculation method with better structure so you can decide what belongs in the calculation, what can be reduced, and what must still be carried at full value.', 'Work through the optional dwelling calculation method with better structure so you can decide what belongs in the calculation, what can be reduced, and what must still be carried at full value.', '{"necReferences":["220.82","220.53","220.54","220.60"]}'::jsonb);
INSERT INTO lesson_sections (id, lesson_id, sort_order, section_type, heading, body_markdown, body_plaintext, meta_json) VALUES ('d1984a26-d7ad-4779-bd9d-773de0262afa', 'fa82e6c5-799d-4610-a465-cdf06f82724b', 2, 'paragraph', 'Why this matters', 'Optional dwelling calculations are attractive because they can simplify service-sizing problems, but they also create mistakes when students apply the method too casually or mix it with standard-method logic.', 'Optional dwelling calculations are attractive because they can simplify service-sizing problems, but they also create mistakes when students apply the method too casually or mix it with standard-method logic.', '{"necReferences":["220.82"]}'::jsonb);
INSERT INTO lesson_sections (id, lesson_id, sort_order, section_type, heading, body_markdown, body_plaintext, meta_json) VALUES ('76d61431-bb28-4f9b-9c2f-0d6259a56015', 'fa82e6c5-799d-4610-a465-cdf06f82724b', 3, 'paragraph', 'Core explanation', 'The optional dwelling calculation is a specific path allowed for qualifying dwelling-unit services and feeders. It is not a free-form shortcut. The method gathers the appropriate loads, applies the rule structure in the optional section, and then carries the result into conductor and equipment sizing. A strong solution depends on organizing the categories before any arithmetic begins.', 'The optional dwelling calculation is a specific path allowed for qualifying dwelling-unit services and feeders. It is not a free-form shortcut. The method gathers the appropriate loads, applies the rule structure in the optional section, and then carries the result into conductor and equipment sizing. A strong solution depends on organizing the categories before any arithmetic begins.', '{"necReferences":["220.82","230.42","310.16"]}'::jsonb);
INSERT INTO lesson_sections (id, lesson_id, sort_order, section_type, heading, body_markdown, body_plaintext, meta_json) VALUES ('53084514-6b7b-42a7-8ae4-de1999b759fd', 'fa82e6c5-799d-4610-a465-cdf06f82724b', 4, 'paragraph', 'Key concepts', 'Know what qualifies as the dwelling load base, what appliance demand concepts may matter, what dryer and cooking rules may still shape the number, and when noncoincident treatment applies. The method is optional, but once the problem directs you there, the steps should stay consistent.', 'Know what qualifies as the dwelling load base, what appliance demand concepts may matter, what dryer and cooking rules may still shape the number, and when noncoincident treatment applies. The method is optional, but once the problem directs you there, the steps should stay consistent.', '{"necReferences":["220.53","220.54","220.60","220.82"]}'::jsonb);
INSERT INTO lesson_sections (id, lesson_id, sort_order, section_type, heading, body_markdown, body_plaintext, meta_json) VALUES ('aee99b86-c53a-44b1-a40a-10f33c6515ea', 'fa82e6c5-799d-4610-a465-cdf06f82724b', 5, 'paragraph', 'NEC / code relevance', 'NEC 220.82 is the center of the method. NEC 220.53, 220.54, and 220.60 support common load-treatment issues that may influence the calculation. NEC 230.42 and 310.16 matter after the load is established because service or feeder conductor selection still has to follow the final ampacity result.', 'NEC 220.82 is the center of the method. NEC 220.53, 220.54, and 220.60 support common load-treatment issues that may influence the calculation. NEC 230.42 and 310.16 matter after the load is established because service or feeder conductor selection still has to follow the final ampacity result.', '{"necReferences":["220.53","220.54","220.60","220.82","230.42","310.16"]}'::jsonb);
INSERT INTO lesson_sections (id, lesson_id, sort_order, section_type, heading, body_markdown, body_plaintext, meta_json) VALUES ('b3934628-462d-4358-9788-db8a368743b4', 'fa82e6c5-799d-4610-a465-cdf06f82724b', 6, 'paragraph', 'Practical example', 'A dwelling calculation problem becomes much easier when the student separates general load, appliances, dryers, cooking equipment, and heating or cooling before combining anything. That list-building step is what keeps advanced questions from turning into arithmetic clutter.', 'A dwelling calculation problem becomes much easier when the student separates general load, appliances, dryers, cooking equipment, and heating or cooling before combining anything. That list-building step is what keeps advanced questions from turning into arithmetic clutter.', '{"necReferences":["220.82"]}'::jsonb);
INSERT INTO lesson_sections (id, lesson_id, sort_order, section_type, heading, body_markdown, body_plaintext, meta_json) VALUES ('8f96c106-f08d-4f99-8dcc-f042bdfa5e2f', 'fa82e6c5-799d-4610-a465-cdf06f82724b', 7, 'paragraph', 'Common mistakes', 'Students often blend standard-method habits into optional-method questions. Another mistake is failing to identify which loads are noncoincident or which loads should be handled as a distinct category before reduction logic is applied.', 'Students often blend standard-method habits into optional-method questions. Another mistake is failing to identify which loads are noncoincident or which loads should be handled as a distinct category before reduction logic is applied.', '{"necReferences":["220.60","220.82"]}'::jsonb);
INSERT INTO lesson_sections (id, lesson_id, sort_order, section_type, heading, body_markdown, body_plaintext, meta_json) VALUES ('886f1e63-f0da-4aae-adee-f49ee1247f0c', 'fa82e6c5-799d-4610-a465-cdf06f82724b', 8, 'paragraph', 'Exam insight', 'Master-level dwelling questions reward clean setup. Use columns or short labels on scratch paper. The student with an organized load list will usually beat the student with better mental math but weaker structure.', 'Master-level dwelling questions reward clean setup. Use columns or short labels on scratch paper. The student with an organized load list will usually beat the student with better mental math but weaker structure.', '{"necReferences":["220.82","230.42"]}'::jsonb);
INSERT INTO lesson_sections (id, lesson_id, sort_order, section_type, heading, body_markdown, body_plaintext, meta_json) VALUES ('6d1851ce-7496-4afc-8cbf-f22ac685e6f8', 'fa82e6c5-799d-4610-a465-cdf06f82724b', 9, 'heading', NULL, 'Key Takeaways', 'Key Takeaways', '{}'::jsonb);
INSERT INTO lesson_sections (id, lesson_id, sort_order, section_type, heading, body_markdown, body_plaintext, meta_json) VALUES ('3897ab15-336c-4a41-9ec7-7c6615d6d814', 'fa82e6c5-799d-4610-a465-cdf06f82724b', 10, 'bullet', NULL, 'The optional dwelling calculation is a defined method, not a loose shortcut.', 'The optional dwelling calculation is a defined method, not a loose shortcut.', '{}'::jsonb);
INSERT INTO lesson_sections (id, lesson_id, sort_order, section_type, heading, body_markdown, body_plaintext, meta_json) VALUES ('e8b0c27f-61b8-4a9c-aa21-c49ad65c1e2e', 'fa82e6c5-799d-4610-a465-cdf06f82724b', 11, 'bullet', NULL, 'Organizing loads by category is the most important first step.', 'Organizing loads by category is the most important first step.', '{}'::jsonb);
INSERT INTO lesson_sections (id, lesson_id, sort_order, section_type, heading, body_markdown, body_plaintext, meta_json) VALUES ('737b0588-85df-4167-ad59-c2470e955304', 'fa82e6c5-799d-4610-a465-cdf06f82724b', 12, 'bullet', NULL, 'Supporting sections can affect how individual dwelling loads are treated.', 'Supporting sections can affect how individual dwelling loads are treated.', '{}'::jsonb);
INSERT INTO lesson_sections (id, lesson_id, sort_order, section_type, heading, body_markdown, body_plaintext, meta_json) VALUES ('d1298f5f-be65-434d-bd62-be5f02425540', 'fa82e6c5-799d-4610-a465-cdf06f82724b', 13, 'bullet', NULL, 'Conductor selection still happens after the correct load result is found.', 'Conductor selection still happens after the correct load result is found.', '{}'::jsonb);
INSERT INTO lesson_sections (id, lesson_id, sort_order, section_type, heading, body_markdown, body_plaintext, meta_json) VALUES ('07d89fce-19a0-4483-ba3e-7be209056511', 'fa82e6c5-799d-4610-a465-cdf06f82724b', 14, 'heading', NULL, 'Knowledge Check', 'Knowledge Check', '{}'::jsonb);
INSERT INTO lesson_sections (id, lesson_id, sort_order, section_type, heading, body_markdown, body_plaintext, meta_json) VALUES ('9591d18a-ee2d-4d07-a521-87513e958b4c', 'fa82e6c5-799d-4610-a465-cdf06f82724b', 15, 'callout', 'Question 1', 'Why is load organization so important before using the optional dwelling method?', 'Why is load organization so important before using the optional dwelling method?', '{}'::jsonb);
INSERT INTO lesson_sections (id, lesson_id, sort_order, section_type, heading, body_markdown, body_plaintext, meta_json) VALUES ('2a3e0c41-7468-4460-ad87-d819fd756664', 'fa82e6c5-799d-4610-a465-cdf06f82724b', 16, 'callout', 'Question 2', 'What is one way standard-method thinking can cause mistakes in an optional-calculation problem?', 'What is one way standard-method thinking can cause mistakes in an optional-calculation problem?', '{}'::jsonb);
INSERT INTO lesson_sections (id, lesson_id, sort_order, section_type, heading, body_markdown, body_plaintext, meta_json) VALUES ('6ad0332e-9d8e-4943-bf2e-6d7dfba83d7d', 'fa82e6c5-799d-4610-a465-cdf06f82724b', 17, 'callout', 'Question 3', 'After the optional calculation total is found, what design step still remains?', 'After the optional calculation total is found, what design step still remains?', '{}'::jsonb);
INSERT INTO lesson_sections (id, lesson_id, sort_order, section_type, heading, body_markdown, body_plaintext, meta_json) VALUES ('741e9bf8-f805-409d-a3de-7c02dcf74fdb', 'e0b1e379-a058-4bf9-970c-225a755f9a07', 1, 'paragraph', 'Learning objective', 'Approach commercial demand and feeder-sizing questions with a sequence that separates receptacle demand, motor impact, and final feeder ampacity.', 'Approach commercial demand and feeder-sizing questions with a sequence that separates receptacle demand, motor impact, and final feeder ampacity.', '{"necReferences":["220.44","220.50","215.2"]}'::jsonb);
INSERT INTO lesson_sections (id, lesson_id, sort_order, section_type, heading, body_markdown, body_plaintext, meta_json) VALUES ('3d27f99c-ba5b-4a67-ace6-9f305a235a33', 'e0b1e379-a058-4bf9-970c-225a755f9a07', 2, 'paragraph', 'Why this matters', 'Commercial calculations combine several load types, which makes them easy to overcount or undercount. Master-level questions reward candidates who organize the load categories before they start doing arithmetic.', 'Commercial calculations combine several load types, which makes them easy to overcount or undercount. Master-level questions reward candidates who organize the load categories before they start doing arithmetic.', '{"necReferences":["220.44","220.50","215.2"]}'::jsonb);
INSERT INTO lesson_sections (id, lesson_id, sort_order, section_type, heading, body_markdown, body_plaintext, meta_json) VALUES ('0932ff5f-82b8-4a3c-b41f-7b9b35198be7', 'e0b1e379-a058-4bf9-970c-225a755f9a07', 3, 'paragraph', 'Core explanation', 'Commercial feeder sizing begins with connected load, but the categories do not all follow the same rule path. Receptacle loads may allow demand treatment under one section, while motor loads may change the feeder result for a different reason. Lighting, receptacles, and motors should be separated first, adjusted by their governing rules, and only then recombined into one feeder load.', 'Commercial feeder sizing begins with connected load, but the categories do not all follow the same rule path. Receptacle loads may allow demand treatment under one section, while motor loads may change the feeder result for a different reason. Lighting, receptacles, and motors should be separated first, adjusted by their governing rules, and only then recombined into one feeder load.', '{"necReferences":["220.44","220.50","215.2"]}'::jsonb);
INSERT INTO lesson_sections (id, lesson_id, sort_order, section_type, heading, body_markdown, body_plaintext, meta_json) VALUES ('fe127af7-6254-48b0-a913-26a390e0a846', 'e0b1e379-a058-4bf9-970c-225a755f9a07', 4, 'paragraph', 'Key concepts', 'A blanket multiplier is a warning sign in commercial work. Receptacle demand treatment is not the same thing as motor treatment, and neither one answers the final feeder-conductor choice by itself. Strong master-level solutions show a clean category list, the rule that controls each category, and the final recombined load used for feeder ampacity.', 'A blanket multiplier is a warning sign in commercial work. Receptacle demand treatment is not the same thing as motor treatment, and neither one answers the final feeder-conductor choice by itself. Strong master-level solutions show a clean category list, the rule that controls each category, and the final recombined load used for feeder ampacity.', '{"necReferences":["220.44","220.50","215.2"]}'::jsonb);
INSERT INTO lesson_sections (id, lesson_id, sort_order, section_type, heading, body_markdown, body_plaintext, meta_json) VALUES ('bae6b79e-d251-4cdb-8545-de680826cd75', 'e0b1e379-a058-4bf9-970c-225a755f9a07', 5, 'paragraph', 'NEC / code relevance', 'NEC 220.44 addresses receptacle-load demand factors. NEC 220.50 addresses motor loads in Article 220 calculations. NEC 215.2 covers feeder conductor ampacity. The code path matters because the motor effect and the conductor-selection step are related, but they are not the same decision.', 'NEC 220.44 addresses receptacle-load demand factors. NEC 220.50 addresses motor loads in Article 220 calculations. NEC 215.2 covers feeder conductor ampacity. The code path matters because the motor effect and the conductor-selection step are related, but they are not the same decision.', '{"necReferences":["220.44","220.50","215.2"]}'::jsonb);
INSERT INTO lesson_sections (id, lesson_id, sort_order, section_type, heading, body_markdown, body_plaintext, meta_json) VALUES ('1c06424e-b541-46ef-ac64-c89327a4293e', 'e0b1e379-a058-4bf9-970c-225a755f9a07', 6, 'paragraph', 'Practical example', 'Imagine a small office suite with lighting, general receptacles, and a motor-driven air-handling unit. A weak solution lumps the whole job together and reaches for one demand factor. A stronger solution isolates the receptacle treatment, evaluates the motor impact separately, and then carries the adjusted total into feeder sizing under the feeder-ampacity rule.', 'Imagine a small office suite with lighting, general receptacles, and a motor-driven air-handling unit. A weak solution lumps the whole job together and reaches for one demand factor. A stronger solution isolates the receptacle treatment, evaluates the motor impact separately, and then carries the adjusted total into feeder sizing under the feeder-ampacity rule.', '{"necReferences":["220.44","220.50","215.2"]}'::jsonb);
INSERT INTO lesson_sections (id, lesson_id, sort_order, section_type, heading, body_markdown, body_plaintext, meta_json) VALUES ('395f1950-9dbb-47f5-9d63-729e17faa5b7', 'e0b1e379-a058-4bf9-970c-225a755f9a07', 7, 'paragraph', 'Common mistakes', 'The biggest mistake is treating all commercial loads like one pile. Another is applying receptacle-style demand thinking to motor load treatment, or selecting feeder conductors before the adjusted category totals are actually settled.', 'The biggest mistake is treating all commercial loads like one pile. Another is applying receptacle-style demand thinking to motor load treatment, or selecting feeder conductors before the adjusted category totals are actually settled.', '{"necReferences":["220.44","220.50","215.2"]}'::jsonb);
INSERT INTO lesson_sections (id, lesson_id, sort_order, section_type, heading, body_markdown, body_plaintext, meta_json) VALUES ('63a5ddc3-4493-4b79-95dd-d54f20d03c42', 'e0b1e379-a058-4bf9-970c-225a755f9a07', 8, 'paragraph', 'Exam insight', 'If a commercial problem feels messy, stop and build a category list on scratch paper before touching the math. On master exams, the candidate with the clearer workflow usually beats the candidate with the faster calculator.', 'If a commercial problem feels messy, stop and build a category list on scratch paper before touching the math. On master exams, the candidate with the clearer workflow usually beats the candidate with the faster calculator.', '{"necReferences":["220.44","220.50","215.2"]}'::jsonb);
INSERT INTO lesson_sections (id, lesson_id, sort_order, section_type, heading, body_markdown, body_plaintext, meta_json) VALUES ('d37420b5-f8bd-4a0e-bb9e-229cadbcc323', 'e0b1e379-a058-4bf9-970c-225a755f9a07', 9, 'heading', NULL, 'Key Takeaways', 'Key Takeaways', '{}'::jsonb);
INSERT INTO lesson_sections (id, lesson_id, sort_order, section_type, heading, body_markdown, body_plaintext, meta_json) VALUES ('267859e3-7520-47ac-b2fe-9b64908751fa', 'e0b1e379-a058-4bf9-970c-225a755f9a07', 10, 'bullet', NULL, 'Commercial feeder sizing starts with load categories, not blanket math.', 'Commercial feeder sizing starts with load categories, not blanket math.', '{}'::jsonb);
INSERT INTO lesson_sections (id, lesson_id, sort_order, section_type, heading, body_markdown, body_plaintext, meta_json) VALUES ('8fe978cd-928d-4d4c-8825-20baee4495f9', 'e0b1e379-a058-4bf9-970c-225a755f9a07', 11, 'bullet', NULL, 'Receptacle demand treatment and motor treatment can affect the total for different reasons.', 'Receptacle demand treatment and motor treatment can affect the total for different reasons.', '{}'::jsonb);
INSERT INTO lesson_sections (id, lesson_id, sort_order, section_type, heading, body_markdown, body_plaintext, meta_json) VALUES ('738ecea6-e6c5-4ba8-a60e-d20f1efac8bc', 'e0b1e379-a058-4bf9-970c-225a755f9a07', 12, 'bullet', NULL, 'Feeder conductor sizing happens after the adjusted load path is established.', 'Feeder conductor sizing happens after the adjusted load path is established.', '{}'::jsonb);
INSERT INTO lesson_sections (id, lesson_id, sort_order, section_type, heading, body_markdown, body_plaintext, meta_json) VALUES ('791f4cfc-a8e3-415b-814e-b6245361e891', 'e0b1e379-a058-4bf9-970c-225a755f9a07', 13, 'bullet', NULL, 'An organized category workflow is one of the best master-level exam advantages.', 'An organized category workflow is one of the best master-level exam advantages.', '{}'::jsonb);
INSERT INTO lesson_sections (id, lesson_id, sort_order, section_type, heading, body_markdown, body_plaintext, meta_json) VALUES ('4cdc11b6-86c3-4749-866a-ba880dd14bfb', 'e0b1e379-a058-4bf9-970c-225a755f9a07', 14, 'heading', NULL, 'Knowledge Check', 'Knowledge Check', '{}'::jsonb);
INSERT INTO lesson_sections (id, lesson_id, sort_order, section_type, heading, body_markdown, body_plaintext, meta_json) VALUES ('01019f5c-d052-4e34-aabc-55ab2e677f1c', 'e0b1e379-a058-4bf9-970c-225a755f9a07', 15, 'callout', 'Question 1', 'Why is it risky to treat lighting, receptacles, and motors as one undifferentiated commercial load?', 'Why is it risky to treat lighting, receptacles, and motors as one undifferentiated commercial load?', '{}'::jsonb);
INSERT INTO lesson_sections (id, lesson_id, sort_order, section_type, heading, body_markdown, body_plaintext, meta_json) VALUES ('ec46816e-20f7-4133-abfe-6f2a3cae48c2', 'e0b1e379-a058-4bf9-970c-225a755f9a07', 16, 'callout', 'Question 2', 'What makes motor treatment different from ordinary receptacle demand treatment in a feeder problem?', 'What makes motor treatment different from ordinary receptacle demand treatment in a feeder problem?', '{}'::jsonb);
INSERT INTO lesson_sections (id, lesson_id, sort_order, section_type, heading, body_markdown, body_plaintext, meta_json) VALUES ('53cb5a7d-b979-45ea-a7fe-572b28a80699', 'e0b1e379-a058-4bf9-970c-225a755f9a07', 17, 'callout', 'Question 3', 'At what point in the workflow should feeder conductor sizing happen?', 'At what point in the workflow should feeder conductor sizing happen?', '{}'::jsonb);
INSERT INTO lesson_sections (id, lesson_id, sort_order, section_type, heading, body_markdown, body_plaintext, meta_json) VALUES ('7816963f-5203-4801-872b-a1f065ca4ccd', 'e4a8125f-68c4-4d24-b811-6de74f9aa85b', 1, 'paragraph', 'Learning objective', 'Classify hazardous locations more confidently by understanding the logic behind class, division, and zone language and the role of protection techniques.', 'Classify hazardous locations more confidently by understanding the logic behind class, division, and zone language and the role of protection techniques.', '{"necReferences":["500.5","500.7"]}'::jsonb);
INSERT INTO lesson_sections (id, lesson_id, sort_order, section_type, heading, body_markdown, body_plaintext, meta_json) VALUES ('f888fda7-e77f-404b-8ffc-0968def81763', 'e4a8125f-68c4-4d24-b811-6de74f9aa85b', 2, 'paragraph', 'Why this matters', 'Hazardous-location questions feel intimidating because the vocabulary is dense. But once you understand what is being classified and why, the topic becomes much more teachable and much less mysterious.', 'Hazardous-location questions feel intimidating because the vocabulary is dense. But once you understand what is being classified and why, the topic becomes much more teachable and much less mysterious.', '{"necReferences":["500.5","500.7"]}'::jsonb);
INSERT INTO lesson_sections (id, lesson_id, sort_order, section_type, heading, body_markdown, body_plaintext, meta_json) VALUES ('0999917b-d8f4-4b82-ab02-7bdcb37cbd2e', 'e4a8125f-68c4-4d24-b811-6de74f9aa85b', 3, 'paragraph', 'Core explanation', 'Hazardous locations are classified based on the type of material present and the likelihood that it may be present in an ignitable concentration. Class points to the broad hazard type, while division or zone language refines the exposure condition. Equipment and wiring methods are then selected based on that classification so the installation does not become the ignition source.', 'Hazardous locations are classified based on the type of material present and the likelihood that it may be present in an ignitable concentration. Class points to the broad hazard type, while division or zone language refines the exposure condition. Equipment and wiring methods are then selected based on that classification so the installation does not become the ignition source.', '{"necReferences":["500.5","500.7"]}'::jsonb);
INSERT INTO lesson_sections (id, lesson_id, sort_order, section_type, heading, body_markdown, body_plaintext, meta_json) VALUES ('9e80654d-67f0-491f-b2c1-240cd055faff', 'e4a8125f-68c4-4d24-b811-6de74f9aa85b', 4, 'paragraph', 'Key concepts', 'Do not start with the equipment. Start with the atmosphere or material. Then determine whether the condition is normal, abnormal, continuous, or occasional according to the classification system in use. Protection techniques matter because different locations permit different approaches to controlling ignition risk.', 'Do not start with the equipment. Start with the atmosphere or material. Then determine whether the condition is normal, abnormal, continuous, or occasional according to the classification system in use. Protection techniques matter because different locations permit different approaches to controlling ignition risk.', '{"necReferences":["500.5","500.7","505.9"]}'::jsonb);
INSERT INTO lesson_sections (id, lesson_id, sort_order, section_type, heading, body_markdown, body_plaintext, meta_json) VALUES ('d298a805-b247-4adf-a1a5-d7a7f3da2dc9', 'e4a8125f-68c4-4d24-b811-6de74f9aa85b', 5, 'paragraph', 'NEC / code relevance', 'NEC 500.5 addresses classifications. NEC 500.7 addresses protection techniques. Articles 501, 502, and 505 then apply those ideas to specific location types and permitted equipment and wiring methods. This is a classic hierarchy-and-application exam topic.', 'NEC 500.5 addresses classifications. NEC 500.7 addresses protection techniques. Articles 501, 502, and 505 then apply those ideas to specific location types and permitted equipment and wiring methods. This is a classic hierarchy-and-application exam topic.', '{"necReferences":["500.5","500.7","501.10","501.15","501.125","502.10","505.9"]}'::jsonb);
INSERT INTO lesson_sections (id, lesson_id, sort_order, section_type, heading, body_markdown, body_plaintext, meta_json) VALUES ('1df093c3-ba14-4f2e-bd34-19fe662a0691', 'e4a8125f-68c4-4d24-b811-6de74f9aa85b', 6, 'paragraph', 'Practical example', 'A classified-location question may mention vapors, dust, or fibers and then ask about wiring method or equipment type. The right move is to classify the location first. If you skip that step and jump to materials, you usually choose the wrong code path.', 'A classified-location question may mention vapors, dust, or fibers and then ask about wiring method or equipment type. The right move is to classify the location first. If you skip that step and jump to materials, you usually choose the wrong code path.', '{"necReferences":["500.5","501.10","502.10","505.9"]}'::jsonb);
INSERT INTO lesson_sections (id, lesson_id, sort_order, section_type, heading, body_markdown, body_plaintext, meta_json) VALUES ('fbce982e-b765-4eb0-88b8-0f4827f4c098', 'e4a8125f-68c4-4d24-b811-6de74f9aa85b', 7, 'paragraph', 'Common mistakes', 'Students often memorize a few article numbers and try to answer from memory alone. That breaks down quickly when the problem changes from one hazard type to another. Another mistake is mixing division language and zone language without noticing the question''s framework.', 'Students often memorize a few article numbers and try to answer from memory alone. That breaks down quickly when the problem changes from one hazard type to another. Another mistake is mixing division language and zone language without noticing the question''s framework.', '{"necReferences":["500.5","500.7","505.9"]}'::jsonb);
INSERT INTO lesson_sections (id, lesson_id, sort_order, section_type, heading, body_markdown, body_plaintext, meta_json) VALUES ('6d124ec7-abd8-431e-ae16-3926e9a118e1', 'e4a8125f-68c4-4d24-b811-6de74f9aa85b', 8, 'paragraph', 'Exam insight', 'On master exams, the winning skill is classification discipline. Classify the hazard first, identify the framework second, and only then move to wiring methods, seals, motors, or equipment selection.', 'On master exams, the winning skill is classification discipline. Classify the hazard first, identify the framework second, and only then move to wiring methods, seals, motors, or equipment selection.', '{"necReferences":["500.5","500.7"]}'::jsonb);
INSERT INTO lesson_sections (id, lesson_id, sort_order, section_type, heading, body_markdown, body_plaintext, meta_json) VALUES ('e5b2b677-6ea5-4aa1-beea-5a14e698694a', 'e4a8125f-68c4-4d24-b811-6de74f9aa85b', 9, 'heading', NULL, 'Key Takeaways', 'Key Takeaways', '{}'::jsonb);
INSERT INTO lesson_sections (id, lesson_id, sort_order, section_type, heading, body_markdown, body_plaintext, meta_json) VALUES ('e005cf4a-0000-4f95-b854-5750c79526e6', 'e4a8125f-68c4-4d24-b811-6de74f9aa85b', 10, 'bullet', NULL, 'Hazardous-location questions should start with classification, not equipment choice.', 'Hazardous-location questions should start with classification, not equipment choice.', '{}'::jsonb);
INSERT INTO lesson_sections (id, lesson_id, sort_order, section_type, heading, body_markdown, body_plaintext, meta_json) VALUES ('b208b3d9-7270-4424-8bb1-e68c78d93e1d', 'e4a8125f-68c4-4d24-b811-6de74f9aa85b', 11, 'bullet', NULL, 'Class identifies the broad hazard, while division or zone refines the condition.', 'Class identifies the broad hazard, while division or zone refines the condition.', '{}'::jsonb);
INSERT INTO lesson_sections (id, lesson_id, sort_order, section_type, heading, body_markdown, body_plaintext, meta_json) VALUES ('b7c42f62-244d-4116-9f7a-e072be242e3a', 'e4a8125f-68c4-4d24-b811-6de74f9aa85b', 12, 'bullet', NULL, 'Protection techniques are part of the code path, not side notes.', 'Protection techniques are part of the code path, not side notes.', '{}'::jsonb);
INSERT INTO lesson_sections (id, lesson_id, sort_order, section_type, heading, body_markdown, body_plaintext, meta_json) VALUES ('a569f31f-6c36-43bd-86d9-82e91cbc6b54', 'e4a8125f-68c4-4d24-b811-6de74f9aa85b', 13, 'bullet', NULL, 'Mixing division and zone frameworks is a common exam mistake.', 'Mixing division and zone frameworks is a common exam mistake.', '{}'::jsonb);
INSERT INTO lesson_sections (id, lesson_id, sort_order, section_type, heading, body_markdown, body_plaintext, meta_json) VALUES ('2f7cd6bf-7cdd-4ec4-8edb-34bc5fd0d0df', 'e4a8125f-68c4-4d24-b811-6de74f9aa85b', 14, 'heading', NULL, 'Knowledge Check', 'Knowledge Check', '{}'::jsonb);
INSERT INTO lesson_sections (id, lesson_id, sort_order, section_type, heading, body_markdown, body_plaintext, meta_json) VALUES ('c0382740-84d1-41ef-b2f6-1e7074d32884', 'e4a8125f-68c4-4d24-b811-6de74f9aa85b', 15, 'callout', 'Question 1', 'Why is equipment selection the wrong first step in a hazardous-location question?', 'Why is equipment selection the wrong first step in a hazardous-location question?', '{}'::jsonb);
INSERT INTO lesson_sections (id, lesson_id, sort_order, section_type, heading, body_markdown, body_plaintext, meta_json) VALUES ('6109d8dd-0571-46fd-b291-3f891a4f2db3', 'e4a8125f-68c4-4d24-b811-6de74f9aa85b', 16, 'callout', 'Question 2', 'What does the class tell you in a hazardous-location classification?', 'What does the class tell you in a hazardous-location classification?', '{}'::jsonb);
INSERT INTO lesson_sections (id, lesson_id, sort_order, section_type, heading, body_markdown, body_plaintext, meta_json) VALUES ('7de93787-94a6-40c4-8e91-5b8cb64c940f', 'e4a8125f-68c4-4d24-b811-6de74f9aa85b', 17, 'callout', 'Question 3', 'Why is it important to notice whether the problem uses division language or zone language?', 'Why is it important to notice whether the problem uses division language or zone language?', '{}'::jsonb);
INSERT INTO lesson_sections (id, lesson_id, sort_order, section_type, heading, body_markdown, body_plaintext, meta_json) VALUES ('a8a76ea1-275c-4485-8905-f742b4b63044', '962e1229-3cb3-4e52-853b-e565e4aaf88a', 1, 'paragraph', 'Learning objective', 'Evaluate motors, sealing fittings, and equipment choices in classified areas by tying each decision back to the location classification and protection method.', 'Evaluate motors, sealing fittings, and equipment choices in classified areas by tying each decision back to the location classification and protection method.', '{"necReferences":["501.15","501.125"]}'::jsonb);
INSERT INTO lesson_sections (id, lesson_id, sort_order, section_type, heading, body_markdown, body_plaintext, meta_json) VALUES ('3596a358-59e2-46b8-830f-c39d732b45da', '962e1229-3cb3-4e52-853b-e565e4aaf88a', 2, 'paragraph', 'Why this matters', 'After classification, master-level questions usually shift into application. That is where many candidates lose points. They know the area is hazardous, but they cannot explain why a certain motor, enclosure, or sealing approach is or is not acceptable.', 'After classification, master-level questions usually shift into application. That is where many candidates lose points. They know the area is hazardous, but they cannot explain why a certain motor, enclosure, or sealing approach is or is not acceptable.', '{"necReferences":["501.15","501.125"]}'::jsonb);
INSERT INTO lesson_sections (id, lesson_id, sort_order, section_type, heading, body_markdown, body_plaintext, meta_json) VALUES ('21f9e27f-1660-4041-88bd-d7fdc3371cff', '962e1229-3cb3-4e52-853b-e565e4aaf88a', 3, 'paragraph', 'Core explanation', 'In classified areas, equipment selection is controlled by the location classification and the approved protection approach. Motors, raceway seals, and enclosures must work together to reduce the chance of ignition. Sealing fittings are used where the code requires control of gas, vapor, or pressure movement through the raceway system. Motor suitability depends on whether the motor and its protection method match the classified location.', 'In classified areas, equipment selection is controlled by the location classification and the approved protection approach. Motors, raceway seals, and enclosures must work together to reduce the chance of ignition. Sealing fittings are used where the code requires control of gas, vapor, or pressure movement through the raceway system. Motor suitability depends on whether the motor and its protection method match the classified location.', '{"necReferences":["501.15","501.125"]}'::jsonb);
INSERT INTO lesson_sections (id, lesson_id, sort_order, section_type, heading, body_markdown, body_plaintext, meta_json) VALUES ('ce00605f-d0be-442d-bc33-2ec822987ff4', '962e1229-3cb3-4e52-853b-e565e4aaf88a', 4, 'paragraph', 'Key concepts', 'Do not treat seals like ordinary fittings or as general-purpose moisture control. Their role is tied to hazard control. Motors also cannot be judged by appearance alone. The nameplate, approval, and protection approach have to match the classified condition. In hazardous locations, application always follows classification.', 'Do not treat seals like ordinary fittings or as general-purpose moisture control. Their role is tied to hazard control. Motors also cannot be judged by appearance alone. The nameplate, approval, and protection approach have to match the classified condition. In hazardous locations, application always follows classification.', '{"necReferences":["501.15","501.125"]}'::jsonb);
INSERT INTO lesson_sections (id, lesson_id, sort_order, section_type, heading, body_markdown, body_plaintext, meta_json) VALUES ('4631305d-1f41-4d7f-9cd9-ab9c9c3a0f09', '962e1229-3cb3-4e52-853b-e565e4aaf88a', 5, 'paragraph', 'NEC / code relevance', 'NEC 501.15 covers sealing and drainage in Class I locations. NEC 501.125 covers motors in those locations. These sections are often tested together because a problem can begin with classification language and end by asking what equipment arrangement actually makes sense.', 'NEC 501.15 covers sealing and drainage in Class I locations. NEC 501.125 covers motors in those locations. These sections are often tested together because a problem can begin with classification language and end by asking what equipment arrangement actually makes sense.', '{"necReferences":["501.15","501.125"]}'::jsonb);
INSERT INTO lesson_sections (id, lesson_id, sort_order, section_type, heading, body_markdown, body_plaintext, meta_json) VALUES ('a8a49828-cf65-4e48-913f-41e0554596bb', '962e1229-3cb3-4e52-853b-e565e4aaf88a', 6, 'paragraph', 'Practical example', 'A Class I pump area question may describe a motor, a raceway leaving the area, and a sealing fitting in the same paragraph. The exam is not asking for random article recall. It is asking whether you understand that the motor must be suitable for the classified location and that the seal serves a specific hazard-control purpose where the code requires it.', 'A Class I pump area question may describe a motor, a raceway leaving the area, and a sealing fitting in the same paragraph. The exam is not asking for random article recall. It is asking whether you understand that the motor must be suitable for the classified location and that the seal serves a specific hazard-control purpose where the code requires it.', '{"necReferences":["501.15","501.125"]}'::jsonb);
INSERT INTO lesson_sections (id, lesson_id, sort_order, section_type, heading, body_markdown, body_plaintext, meta_json) VALUES ('5008b089-592d-4a40-ae22-6c53da205c80', '962e1229-3cb3-4e52-853b-e565e4aaf88a', 7, 'paragraph', 'Common mistakes', 'Students often place seals anywhere they seem helpful instead of where the code requires them. Another mistake is choosing a familiar industrial motor without asking whether its protection method and approval match the classified location being described.', 'Students often place seals anywhere they seem helpful instead of where the code requires them. Another mistake is choosing a familiar industrial motor without asking whether its protection method and approval match the classified location being described.', '{"necReferences":["501.15","501.125"]}'::jsonb);
INSERT INTO lesson_sections (id, lesson_id, sort_order, section_type, heading, body_markdown, body_plaintext, meta_json) VALUES ('df8c3308-ce24-4fcc-b751-0f0caa9db589', '962e1229-3cb3-4e52-853b-e565e4aaf88a', 8, 'paragraph', 'Exam insight', 'When a question mentions both a motor and a seal, connect both decisions back to the classified hazard first. The answer usually becomes clearer when you think about ignition control instead of memorizing article numbers in isolation.', 'When a question mentions both a motor and a seal, connect both decisions back to the classified hazard first. The answer usually becomes clearer when you think about ignition control instead of memorizing article numbers in isolation.', '{"necReferences":["501.15","501.125"]}'::jsonb);
INSERT INTO lesson_sections (id, lesson_id, sort_order, section_type, heading, body_markdown, body_plaintext, meta_json) VALUES ('3bf760a6-6480-4077-8529-f43752574343', '962e1229-3cb3-4e52-853b-e565e4aaf88a', 9, 'heading', NULL, 'Key Takeaways', 'Key Takeaways', '{}'::jsonb);
INSERT INTO lesson_sections (id, lesson_id, sort_order, section_type, heading, body_markdown, body_plaintext, meta_json) VALUES ('070f64e6-540c-4547-bba1-0a1466460f52', '962e1229-3cb3-4e52-853b-e565e4aaf88a', 10, 'bullet', NULL, 'Equipment selection in classified areas always follows the location classification first.', 'Equipment selection in classified areas always follows the location classification first.', '{}'::jsonb);
INSERT INTO lesson_sections (id, lesson_id, sort_order, section_type, heading, body_markdown, body_plaintext, meta_json) VALUES ('01ef00d3-5aaa-4c9e-ab10-e64095d07fc7', '962e1229-3cb3-4e52-853b-e565e4aaf88a', 11, 'bullet', NULL, 'Sealing fittings are hazard-control devices, not generic raceway accessories.', 'Sealing fittings are hazard-control devices, not generic raceway accessories.', '{}'::jsonb);
INSERT INTO lesson_sections (id, lesson_id, sort_order, section_type, heading, body_markdown, body_plaintext, meta_json) VALUES ('9bc2df01-3a40-42a6-9e65-c07a4d120c27', '962e1229-3cb3-4e52-853b-e565e4aaf88a', 12, 'bullet', NULL, 'Motor suitability depends on approval and protection method, not on appearance or brand familiarity.', 'Motor suitability depends on approval and protection method, not on appearance or brand familiarity.', '{}'::jsonb);
INSERT INTO lesson_sections (id, lesson_id, sort_order, section_type, heading, body_markdown, body_plaintext, meta_json) VALUES ('84f6d6ba-ca85-4060-b79b-4514218c4cdc', '962e1229-3cb3-4e52-853b-e565e4aaf88a', 13, 'bullet', NULL, 'Purpose-based reasoning is the safest way to solve hazardous-location questions.', 'Purpose-based reasoning is the safest way to solve hazardous-location questions.', '{}'::jsonb);
INSERT INTO lesson_sections (id, lesson_id, sort_order, section_type, heading, body_markdown, body_plaintext, meta_json) VALUES ('665b5261-ec29-43ea-bd8a-1436ad8761ca', '962e1229-3cb3-4e52-853b-e565e4aaf88a', 14, 'heading', NULL, 'Knowledge Check', 'Knowledge Check', '{}'::jsonb);
INSERT INTO lesson_sections (id, lesson_id, sort_order, section_type, heading, body_markdown, body_plaintext, meta_json) VALUES ('a5d8f973-ab5c-4e0d-892e-4dd7aff073e8', '962e1229-3cb3-4e52-853b-e565e4aaf88a', 15, 'callout', 'Question 1', 'Why is a sealing fitting not just another ordinary raceway fitting in a classified location?', 'Why is a sealing fitting not just another ordinary raceway fitting in a classified location?', '{}'::jsonb);
INSERT INTO lesson_sections (id, lesson_id, sort_order, section_type, heading, body_markdown, body_plaintext, meta_json) VALUES ('0a96f782-a9b4-40ca-9143-03d377d543b2', '962e1229-3cb3-4e52-853b-e565e4aaf88a', 16, 'callout', 'Question 2', 'What should determine whether a motor is suitable for a hazardous location?', 'What should determine whether a motor is suitable for a hazardous location?', '{}'::jsonb);
INSERT INTO lesson_sections (id, lesson_id, sort_order, section_type, heading, body_markdown, body_plaintext, meta_json) VALUES ('22b8ffb1-c547-43fc-9642-c72f57aa8d04', '962e1229-3cb3-4e52-853b-e565e4aaf88a', 17, 'callout', 'Question 3', 'When a classified-area question mentions both motors and seals, what should you connect them back to first?', 'When a classified-area question mentions both motors and seals, what should you connect them back to first?', '{}'::jsonb);
INSERT INTO lesson_sections (id, lesson_id, sort_order, section_type, heading, body_markdown, body_plaintext, meta_json) VALUES ('44aec799-5525-4a7a-bc62-da0a6f381412', 'f1b37758-4019-4b8e-8264-ed5a2a5c798f', 1, 'paragraph', 'Learning objective', 'Read NEC 90.1, 90.3, and Article 100 with a master-level mindset so you can use purpose, hierarchy, and definitions to settle difficult code questions more efficiently.', 'Read NEC 90.1, 90.3, and Article 100 with a master-level mindset so you can use purpose, hierarchy, and definitions to settle difficult code questions more efficiently.', '{"necReferences":["90.1","90.3","Article 100"]}'::jsonb);
INSERT INTO lesson_sections (id, lesson_id, sort_order, section_type, heading, body_markdown, body_plaintext, meta_json) VALUES ('260ca5b4-a014-4d0c-9706-fd3ca815d47e', 'f1b37758-4019-4b8e-8264-ed5a2a5c798f', 2, 'paragraph', 'Why this matters', 'At the master level, the code is not just a list of isolated rules. It is a structured document with purpose, hierarchy, and defined language. These opening sections help you reason through hard questions instead of just hunting citations.', 'At the master level, the code is not just a list of isolated rules. It is a structured document with purpose, hierarchy, and defined language. These opening sections help you reason through hard questions instead of just hunting citations.', '{"necReferences":["90.1","90.3","Article 100"]}'::jsonb);
INSERT INTO lesson_sections (id, lesson_id, sort_order, section_type, heading, body_markdown, body_plaintext, meta_json) VALUES ('a58f435f-c3f3-40e2-aaa8-7c2e58c67175', 'f1b37758-4019-4b8e-8264-ed5a2a5c798f', 3, 'paragraph', 'Core explanation', 'NEC 90.1 reminds you what the code is trying to do: provide practical safeguarding. NEC 90.3 shows how the document is arranged and how later special rules may modify general rules. Article 100 controls the meaning of defined terms used throughout the code. Together, these sections help you decide not only where to search, but how to interpret what you find.', 'NEC 90.1 reminds you what the code is trying to do: provide practical safeguarding. NEC 90.3 shows how the document is arranged and how later special rules may modify general rules. Article 100 controls the meaning of defined terms used throughout the code. Together, these sections help you decide not only where to search, but how to interpret what you find.', '{"necReferences":["90.1","90.3","Article 100"]}'::jsonb);
INSERT INTO lesson_sections (id, lesson_id, sort_order, section_type, heading, body_markdown, body_plaintext, meta_json) VALUES ('2eb6cd92-8ea5-4bb4-b5ec-065d0f2c8c0f', 'f1b37758-4019-4b8e-8264-ed5a2a5c798f', 4, 'paragraph', 'Key concepts', 'Purpose matters because the NEC is not intended as a design manual for every good outcome. Hierarchy matters because a general answer may change when a special rule applies. Definitions matter because common-language assumptions often do not match code-language meaning. Master-level reading starts with those three anchors.', 'Purpose matters because the NEC is not intended as a design manual for every good outcome. Hierarchy matters because a general answer may change when a special rule applies. Definitions matter because common-language assumptions often do not match code-language meaning. Master-level reading starts with those three anchors.', '{"necReferences":["90.1","90.3","Article 100"]}'::jsonb);
INSERT INTO lesson_sections (id, lesson_id, sort_order, section_type, heading, body_markdown, body_plaintext, meta_json) VALUES ('c7f60a1e-c6e8-4732-a988-b05d6f7dcb7b', 'f1b37758-4019-4b8e-8264-ed5a2a5c798f', 5, 'paragraph', 'NEC / code relevance', 'These are the sections that shape the way you read the rest of the NEC. They are not just introductory pages. They are interpretation tools. When a problem is ambiguous, these sections often point you toward the right search path and the right reading discipline.', 'These are the sections that shape the way you read the rest of the NEC. They are not just introductory pages. They are interpretation tools. When a problem is ambiguous, these sections often point you toward the right search path and the right reading discipline.', '{"necReferences":["90.1","90.3","Article 100"]}'::jsonb);
INSERT INTO lesson_sections (id, lesson_id, sort_order, section_type, heading, body_markdown, body_plaintext, meta_json) VALUES ('277349a4-e992-4cdc-ad69-77c0854f56c1', 'f1b37758-4019-4b8e-8264-ed5a2a5c798f', 6, 'paragraph', 'Practical example', 'An advanced code dispute may look technical on the surface, but the real issue can be whether a term is defined, whether a special rule controls, or whether the code is being stretched beyond its stated purpose. That is why experienced code users keep coming back to these sections.', 'An advanced code dispute may look technical on the surface, but the real issue can be whether a term is defined, whether a special rule controls, or whether the code is being stretched beyond its stated purpose. That is why experienced code users keep coming back to these sections.', '{"necReferences":["90.1","90.3","Article 100"]}'::jsonb);
INSERT INTO lesson_sections (id, lesson_id, sort_order, section_type, heading, body_markdown, body_plaintext, meta_json) VALUES ('498ea6d0-7acb-4d46-bf96-06085f254d58', 'f1b37758-4019-4b8e-8264-ed5a2a5c798f', 7, 'paragraph', 'Common mistakes', 'A common mistake is treating Article 100 as beginner material instead of a master-level interpretation tool. Another is using NEC purpose language to justify a preferred design choice when the enforceable text points somewhere else.', 'A common mistake is treating Article 100 as beginner material instead of a master-level interpretation tool. Another is using NEC purpose language to justify a preferred design choice when the enforceable text points somewhere else.', '{"necReferences":["90.1","90.3","Article 100"]}'::jsonb);
INSERT INTO lesson_sections (id, lesson_id, sort_order, section_type, heading, body_markdown, body_plaintext, meta_json) VALUES ('9a645c21-62c3-485c-b19d-e7a7589e5905', 'f1b37758-4019-4b8e-8264-ed5a2a5c798f', 8, 'paragraph', 'Exam insight', 'Master exams often reward the candidate who can reason from code structure, not just quote a section number. If a question feels vague, check whether purpose, hierarchy, or a defined term is the real hinge point.', 'Master exams often reward the candidate who can reason from code structure, not just quote a section number. If a question feels vague, check whether purpose, hierarchy, or a defined term is the real hinge point.', '{"necReferences":["90.1","90.3","Article 100"]}'::jsonb);
INSERT INTO lesson_sections (id, lesson_id, sort_order, section_type, heading, body_markdown, body_plaintext, meta_json) VALUES ('c9592c4a-c12b-4a7b-a6d9-780849606651', 'f1b37758-4019-4b8e-8264-ed5a2a5c798f', 9, 'heading', NULL, 'Key Takeaways', 'Key Takeaways', '{}'::jsonb);
INSERT INTO lesson_sections (id, lesson_id, sort_order, section_type, heading, body_markdown, body_plaintext, meta_json) VALUES ('361a8741-5001-42ac-8e82-f95cad97cb31', 'f1b37758-4019-4b8e-8264-ed5a2a5c798f', 10, 'bullet', NULL, 'Purpose, hierarchy, and definitions are interpretation tools.', 'Purpose, hierarchy, and definitions are interpretation tools.', '{}'::jsonb);
INSERT INTO lesson_sections (id, lesson_id, sort_order, section_type, heading, body_markdown, body_plaintext, meta_json) VALUES ('6a76b7cc-3f5d-4e11-ac55-310278c26475', 'f1b37758-4019-4b8e-8264-ed5a2a5c798f', 11, 'bullet', NULL, 'Article 100 remains important even at the master level.', 'Article 100 remains important even at the master level.', '{}'::jsonb);
INSERT INTO lesson_sections (id, lesson_id, sort_order, section_type, heading, body_markdown, body_plaintext, meta_json) VALUES ('1821c35e-5df4-40df-99ee-aeab329882d7', 'f1b37758-4019-4b8e-8264-ed5a2a5c798f', 12, 'bullet', NULL, 'A difficult question may turn on structure before it turns on technical detail.', 'A difficult question may turn on structure before it turns on technical detail.', '{}'::jsonb);
INSERT INTO lesson_sections (id, lesson_id, sort_order, section_type, heading, body_markdown, body_plaintext, meta_json) VALUES ('e0cab561-5c82-41ab-8186-ccb81f873948', 'f1b37758-4019-4b8e-8264-ed5a2a5c798f', 13, 'bullet', NULL, 'Strong code reading uses these opening sections to frame the rest of the search.', 'Strong code reading uses these opening sections to frame the rest of the search.', '{}'::jsonb);
INSERT INTO lesson_sections (id, lesson_id, sort_order, section_type, heading, body_markdown, body_plaintext, meta_json) VALUES ('5cae0067-2b59-44f0-85ea-bb6fcd2fd1a7', 'f1b37758-4019-4b8e-8264-ed5a2a5c798f', 14, 'heading', NULL, 'Knowledge Check', 'Knowledge Check', '{}'::jsonb);
INSERT INTO lesson_sections (id, lesson_id, sort_order, section_type, heading, body_markdown, body_plaintext, meta_json) VALUES ('ad4ec699-8f6d-4acf-b52e-e1add4324925', 'f1b37758-4019-4b8e-8264-ed5a2a5c798f', 15, 'callout', 'Question 1', 'Why are NEC 90.1 and 90.3 more than introductory material?', 'Why are NEC 90.1 and 90.3 more than introductory material?', '{}'::jsonb);
INSERT INTO lesson_sections (id, lesson_id, sort_order, section_type, heading, body_markdown, body_plaintext, meta_json) VALUES ('2c612145-fa2b-49e1-9249-d24d08583b34', 'f1b37758-4019-4b8e-8264-ed5a2a5c798f', 16, 'callout', 'Question 2', 'How can Article 100 affect an advanced code question?', 'How can Article 100 affect an advanced code question?', '{}'::jsonb);
INSERT INTO lesson_sections (id, lesson_id, sort_order, section_type, heading, body_markdown, body_plaintext, meta_json) VALUES ('98332759-24b3-4498-9922-9462d6d2e437', 'f1b37758-4019-4b8e-8264-ed5a2a5c798f', 17, 'callout', 'Question 3', 'What should you ask when a code question feels vague or conflicted?', 'What should you ask when a code question feels vague or conflicted?', '{}'::jsonb);
INSERT INTO lesson_sections (id, lesson_id, sort_order, section_type, heading, body_markdown, body_plaintext, meta_json) VALUES ('ffbf96b6-3070-4d50-9941-d08aecf936cb', '9893a3b5-6c9b-4adb-bb79-5170fb6cf62e', 1, 'paragraph', 'Learning objective', 'Recognize when the NEC is only part of the answer and explain how authority, approval, listed-equipment instructions, and adopted local conditions can change the practical outcome.', 'Recognize when the NEC is only part of the answer and explain how authority, approval, listed-equipment instructions, and adopted local conditions can change the practical outcome.', '{"necReferences":["90.4","110.2","110.3(B)"]}'::jsonb);
INSERT INTO lesson_sections (id, lesson_id, sort_order, section_type, heading, body_markdown, body_plaintext, meta_json) VALUES ('3ca57ed4-d44a-42ac-b6fa-1f771d37eb25', '9893a3b5-6c9b-4adb-bb79-5170fb6cf62e', 2, 'paragraph', 'Why this matters', 'Master electricians are expected to think beyond a single section citation. Real projects involve code adoption, authority-having-jurisdiction decisions, listed-equipment instructions, and local processes that affect what actually gets approved and installed.', 'Master electricians are expected to think beyond a single section citation. Real projects involve code adoption, authority-having-jurisdiction decisions, listed-equipment instructions, and local processes that affect what actually gets approved and installed.', '{"necReferences":["90.4","110.2","110.3(B)"]}'::jsonb);
INSERT INTO lesson_sections (id, lesson_id, sort_order, section_type, heading, body_markdown, body_plaintext, meta_json) VALUES ('cf677c4f-5376-4579-bbba-9ea2bd5cc864', '9893a3b5-6c9b-4adb-bb79-5170fb6cf62e', 3, 'paragraph', 'Core explanation', 'The NEC is central, but it is not the whole compliance universe. Jurisdictions adopt editions and may apply local amendments. The authority having jurisdiction interprets and enforces the adopted rules. Listed equipment must still be installed and used according to its approval and instructions. A complete answer often requires more than reading one NEC section in isolation.', 'The NEC is central, but it is not the whole compliance universe. Jurisdictions adopt editions and may apply local amendments. The authority having jurisdiction interprets and enforces the adopted rules. Listed equipment must still be installed and used according to its approval and instructions. A complete answer often requires more than reading one NEC section in isolation.', '{"necReferences":["90.4","110.2","110.3(B)"]}'::jsonb);
INSERT INTO lesson_sections (id, lesson_id, sort_order, section_type, heading, body_markdown, body_plaintext, meta_json) VALUES ('c23205fc-b073-44d5-8603-62212d9559d2', '9893a3b5-6c9b-4adb-bb79-5170fb6cf62e', 4, 'paragraph', 'Key concepts', 'Code adoption, approval, listing, and enforcement all influence the real-world answer. A correct national-core NEC citation may still need adjustment if the jurisdiction uses a different adopted edition or local amendment. Even then, listed-equipment instructions still matter. Strong master-level judgment means knowing whether the missing piece is technical, procedural, or both.', 'Code adoption, approval, listing, and enforcement all influence the real-world answer. A correct national-core NEC citation may still need adjustment if the jurisdiction uses a different adopted edition or local amendment. Even then, listed-equipment instructions still matter. Strong master-level judgment means knowing whether the missing piece is technical, procedural, or both.', '{"necReferences":["90.4","110.2","110.3(B)"]}'::jsonb);
INSERT INTO lesson_sections (id, lesson_id, sort_order, section_type, heading, body_markdown, body_plaintext, meta_json) VALUES ('2c9d7c20-8b2b-4770-bd0f-e092f6e8babc', '9893a3b5-6c9b-4adb-bb79-5170fb6cf62e', 5, 'paragraph', 'NEC / code relevance', 'NEC 90.4 addresses interpretation and enforcement by the authority having jurisdiction. NEC 110.2 emphasizes approval. NEC 110.3(B) ties listed equipment to its installation and use instructions. Together they remind advanced users that compliance is technical, procedural, and product-specific at the same time.', 'NEC 90.4 addresses interpretation and enforcement by the authority having jurisdiction. NEC 110.2 emphasizes approval. NEC 110.3(B) ties listed equipment to its installation and use instructions. Together they remind advanced users that compliance is technical, procedural, and product-specific at the same time.', '{"necReferences":["90.4","110.2","110.3(B)"]}'::jsonb);
INSERT INTO lesson_sections (id, lesson_id, sort_order, section_type, heading, body_markdown, body_plaintext, meta_json) VALUES ('4fb54f58-0ebb-4232-b6c7-a9126a75dbc9', '9893a3b5-6c9b-4adb-bb79-5170fb6cf62e', 6, 'paragraph', 'Practical example', 'A design may look acceptable under a general NEC rule, but the final answer can still change if the jurisdiction has adopted a different edition, the inspector requires a documented approval path, or the listed equipment instructions control how the product must be mounted, protected, or terminated. Master-level questions often compress all of that into one short scenario.', 'A design may look acceptable under a general NEC rule, but the final answer can still change if the jurisdiction has adopted a different edition, the inspector requires a documented approval path, or the listed equipment instructions control how the product must be mounted, protected, or terminated. Master-level questions often compress all of that into one short scenario.', '{"necReferences":["90.4","110.2","110.3(B)"]}'::jsonb);
INSERT INTO lesson_sections (id, lesson_id, sort_order, section_type, heading, body_markdown, body_plaintext, meta_json) VALUES ('fd2484d1-b331-49f3-85b2-28964e6954ec', '9893a3b5-6c9b-4adb-bb79-5170fb6cf62e', 7, 'paragraph', 'Common mistakes', 'A common mistake is treating one NEC citation like the last word in every jurisdiction. Another is ignoring listed-equipment instructions because the installer thinks broad code language is enough. Approval and listing instructions can still decide the final outcome.', 'A common mistake is treating one NEC citation like the last word in every jurisdiction. Another is ignoring listed-equipment instructions because the installer thinks broad code language is enough. Approval and listing instructions can still decide the final outcome.', '{"necReferences":["90.4","110.2","110.3(B)"]}'::jsonb);
INSERT INTO lesson_sections (id, lesson_id, sort_order, section_type, heading, body_markdown, body_plaintext, meta_json) VALUES ('280c04fe-d305-4137-b66c-08d84b264051', '9893a3b5-6c9b-4adb-bb79-5170fb6cf62e', 8, 'paragraph', 'Exam insight', 'When a question asks who decides, who approves, or what happens when local adoption differs, the exam is testing maturity of judgment. The best answer respects both code knowledge and the authority structure around it.', 'When a question asks who decides, who approves, or what happens when local adoption differs, the exam is testing maturity of judgment. The best answer respects both code knowledge and the authority structure around it.', '{"necReferences":["90.4","110.2","110.3(B)"]}'::jsonb);
INSERT INTO lesson_sections (id, lesson_id, sort_order, section_type, heading, body_markdown, body_plaintext, meta_json) VALUES ('4117c277-b14d-4fc8-9b46-49879d963409', '9893a3b5-6c9b-4adb-bb79-5170fb6cf62e', 9, 'heading', NULL, 'Key Takeaways', 'Key Takeaways', '{}'::jsonb);
INSERT INTO lesson_sections (id, lesson_id, sort_order, section_type, heading, body_markdown, body_plaintext, meta_json) VALUES ('3de434ff-02cb-457f-afd6-28f4f5ebbb70', '9893a3b5-6c9b-4adb-bb79-5170fb6cf62e', 10, 'bullet', NULL, 'The NEC is central, but local adoption and approval still affect the final answer.', 'The NEC is central, but local adoption and approval still affect the final answer.', '{}'::jsonb);
INSERT INTO lesson_sections (id, lesson_id, sort_order, section_type, heading, body_markdown, body_plaintext, meta_json) VALUES ('fda33529-7b4e-4008-bc91-e58e23de5d62', '9893a3b5-6c9b-4adb-bb79-5170fb6cf62e', 11, 'bullet', NULL, 'The authority having jurisdiction plays a real role in interpretation and enforcement.', 'The authority having jurisdiction plays a real role in interpretation and enforcement.', '{}'::jsonb);
INSERT INTO lesson_sections (id, lesson_id, sort_order, section_type, heading, body_markdown, body_plaintext, meta_json) VALUES ('1b7cf046-6273-4a79-acb8-77f14dbe31b0', '9893a3b5-6c9b-4adb-bb79-5170fb6cf62e', 12, 'bullet', NULL, 'Listed-equipment instructions remain important even when the NEC path seems clear.', 'Listed-equipment instructions remain important even when the NEC path seems clear.', '{}'::jsonb);
INSERT INTO lesson_sections (id, lesson_id, sort_order, section_type, heading, body_markdown, body_plaintext, meta_json) VALUES ('0849094d-ba4e-4b66-be33-1e8c359054c8', '9893a3b5-6c9b-4adb-bb79-5170fb6cf62e', 13, 'bullet', NULL, 'Master-level judgment includes knowing when the answer is technical, procedural, product-specific, or all three.', 'Master-level judgment includes knowing when the answer is technical, procedural, product-specific, or all three.', '{}'::jsonb);
INSERT INTO lesson_sections (id, lesson_id, sort_order, section_type, heading, body_markdown, body_plaintext, meta_json) VALUES ('dc62aa2a-6426-4f13-b45d-e034b64d7714', '9893a3b5-6c9b-4adb-bb79-5170fb6cf62e', 14, 'heading', NULL, 'Knowledge Check', 'Knowledge Check', '{}'::jsonb);
INSERT INTO lesson_sections (id, lesson_id, sort_order, section_type, heading, body_markdown, body_plaintext, meta_json) VALUES ('79d02d6c-8e0c-4ee2-97de-157e58d931f1', '9893a3b5-6c9b-4adb-bb79-5170fb6cf62e', 15, 'callout', 'Question 1', 'Why can a correct NEC citation still be incomplete in a real jurisdiction?', 'Why can a correct NEC citation still be incomplete in a real jurisdiction?', '{}'::jsonb);
INSERT INTO lesson_sections (id, lesson_id, sort_order, section_type, heading, body_markdown, body_plaintext, meta_json) VALUES ('705182be-0c99-4eb1-8601-c381dae4b184', '9893a3b5-6c9b-4adb-bb79-5170fb6cf62e', 16, 'callout', 'Question 2', 'What role does the authority having jurisdiction play in code application?', 'What role does the authority having jurisdiction play in code application?', '{}'::jsonb);
INSERT INTO lesson_sections (id, lesson_id, sort_order, section_type, heading, body_markdown, body_plaintext, meta_json) VALUES ('232a4216-a1b4-4b15-a437-b8043e9bc19a', '9893a3b5-6c9b-4adb-bb79-5170fb6cf62e', 17, 'callout', 'Question 3', 'Why can listed-equipment instructions still control the final installation answer?', 'Why can listed-equipment instructions still control the final installation answer?', '{}'::jsonb);
INSERT INTO nec_entries (id, reference_code, title, canonical_text_excerpt, simplified_summary, edition, topic_notes, is_active) VALUES ('270e5bb0-3145-4b22-a13d-cafaff6322f9', '110.1', 'Scope', NULL, 'Introduces the general requirements that apply to electrical installations and equipment.', 'National core; verify adopted cycle', NULL, TRUE);
INSERT INTO nec_entries (id, reference_code, title, canonical_text_excerpt, simplified_summary, edition, topic_notes, is_active) VALUES ('93c9a873-e535-4561-8448-67c2aaabad8d', '110.2', 'Approval', NULL, 'Requires equipment and conductors to be acceptable to the authority having jurisdiction.', 'National core; verify adopted cycle', NULL, TRUE);
INSERT INTO nec_entries (id, reference_code, title, canonical_text_excerpt, simplified_summary, edition, topic_notes, is_active) VALUES ('c3a36319-8ed5-4d85-8241-1079468aa48b', '110.26', 'Spaces About Electrical Equipment', NULL, 'Covers working-space, access, and dedicated-space rules around electrical equipment.', 'National core; verify adopted cycle', NULL, TRUE);
INSERT INTO nec_entries (id, reference_code, title, canonical_text_excerpt, simplified_summary, edition, topic_notes, is_active) VALUES ('e726b731-00b8-4db4-a405-c73d7f098164', '110.27', 'Guarding of Live Parts', NULL, 'Requires live parts to be guarded against accidental contact.', 'National core; verify adopted cycle', NULL, TRUE);
INSERT INTO nec_entries (id, reference_code, title, canonical_text_excerpt, simplified_summary, edition, topic_notes, is_active) VALUES ('84080d92-f90f-4e68-ba06-357c33c4201d', '110.3(B)', 'Installation and Use', NULL, 'Requires listed or labeled equipment to be installed and used according to its instructions.', 'National core; verify adopted cycle', NULL, TRUE);
INSERT INTO nec_entries (id, reference_code, title, canonical_text_excerpt, simplified_summary, edition, topic_notes, is_active) VALUES ('b0d52ce9-236a-49c8-a8d6-eed66d9ec0c7', '110.4', 'Voltages', NULL, 'Addresses voltage considerations that affect installation and equipment application.', 'National core; verify adopted cycle', NULL, TRUE);
INSERT INTO nec_entries (id, reference_code, title, canonical_text_excerpt, simplified_summary, edition, topic_notes, is_active) VALUES ('709fab09-b172-4df8-84af-da9c19ca7e68', '210.11', 'Branch Circuits Required', NULL, 'Identifies required dwelling-unit branch circuits such as small-appliance, laundry, and bathroom circuits.', 'National core; verify adopted cycle', NULL, TRUE);
INSERT INTO nec_entries (id, reference_code, title, canonical_text_excerpt, simplified_summary, edition, topic_notes, is_active) VALUES ('ec1a6935-fdc7-4284-a868-5e8161bc3d34', '210.19(A)(1)', 'Branch-Circuit Conductor Sizing', NULL, 'Sets minimum conductor ampacity for branch circuits and continuous loads.', 'National core; verify adopted cycle', NULL, TRUE);
INSERT INTO nec_entries (id, reference_code, title, canonical_text_excerpt, simplified_summary, edition, topic_notes, is_active) VALUES ('73d5785a-2c3b-4668-abdb-5519a8845541', '210.20(A)', 'Overcurrent Protection', NULL, 'Requires branch-circuit overcurrent devices to be sized for noncontinuous and continuous loads.', 'National core; verify adopted cycle', NULL, TRUE);
INSERT INTO nec_entries (id, reference_code, title, canonical_text_excerpt, simplified_summary, edition, topic_notes, is_active) VALUES ('567ad3a7-e8cf-4dfe-b8d1-5b8dd44a5057', '210.52', 'Dwelling Receptacle Requirements', NULL, 'Sets receptacle placement rules for dwelling-unit wall spaces and special areas.', 'National core; verify adopted cycle', NULL, TRUE);
INSERT INTO nec_entries (id, reference_code, title, canonical_text_excerpt, simplified_summary, edition, topic_notes, is_active) VALUES ('e5b0aa00-e377-4919-abc3-d854989c14c7', '215.2', 'Feeder Conductor Sizing', NULL, 'Covers minimum ampacity requirements for feeder conductors.', 'National core; verify adopted cycle', NULL, TRUE);
INSERT INTO nec_entries (id, reference_code, title, canonical_text_excerpt, simplified_summary, edition, topic_notes, is_active) VALUES ('e5056d07-404a-407f-b4c1-de9a0dec32f2', '215.3', 'Feeder Overcurrent Protection', NULL, 'Requires feeder overcurrent devices to be sized for continuous and noncontinuous loads.', 'National core; verify adopted cycle', NULL, TRUE);
INSERT INTO nec_entries (id, reference_code, title, canonical_text_excerpt, simplified_summary, edition, topic_notes, is_active) VALUES ('eb94edf1-ea4a-447a-a449-dba662a158ab', '220.40', 'General Calculation Methods', NULL, 'States that branch-circuit, feeder, and service calculations use the rules in Article 220.', 'National core; verify adopted cycle', NULL, TRUE);
INSERT INTO nec_entries (id, reference_code, title, canonical_text_excerpt, simplified_summary, edition, topic_notes, is_active) VALUES ('1682753c-a00d-4f9e-9213-f0a5960f5a21', '220.42', 'Lighting Load Demand Factors', NULL, 'Provides demand factors for lighting loads used in building calculations.', 'National core; verify adopted cycle', NULL, TRUE);
INSERT INTO nec_entries (id, reference_code, title, canonical_text_excerpt, simplified_summary, edition, topic_notes, is_active) VALUES ('c90efb50-6f29-459c-8613-18f27193283e', '220.44', 'Receptacle Load Demand Factors', NULL, 'Allows demand factors for certain receptacle loads in feeder and service calculations.', 'National core; verify adopted cycle', NULL, TRUE);
INSERT INTO nec_entries (id, reference_code, title, canonical_text_excerpt, simplified_summary, edition, topic_notes, is_active) VALUES ('5d76f68d-e585-412e-886e-72a2d8c2efa5', '220.50', 'Motor Loads', NULL, 'Requires the motor load to be based on the largest motor plus other applicable loads.', 'National core; verify adopted cycle', NULL, TRUE);
INSERT INTO nec_entries (id, reference_code, title, canonical_text_excerpt, simplified_summary, edition, topic_notes, is_active) VALUES ('7775d670-1814-4dbc-9dee-04f97bd473e8', '220.53', 'Appliance Demand Factors', NULL, 'Allows demand factors for fastened-in-place appliances when the conditions are met.', 'National core; verify adopted cycle', NULL, TRUE);
INSERT INTO nec_entries (id, reference_code, title, canonical_text_excerpt, simplified_summary, edition, topic_notes, is_active) VALUES ('5affc1ff-8f5a-40dc-9336-12ea85ed4098', '220.54', 'Electric Clothes Dryers', NULL, 'Provides load rules for household electric clothes dryers.', 'National core; verify adopted cycle', NULL, TRUE);
INSERT INTO nec_entries (id, reference_code, title, canonical_text_excerpt, simplified_summary, edition, topic_notes, is_active) VALUES ('d8c65353-6372-4883-8085-1fb3be9a44e5', '220.60', 'Noncoincident Loads', NULL, 'Allows only the larger of two loads when it is clear they will not operate at the same time.', 'National core; verify adopted cycle', NULL, TRUE);
INSERT INTO nec_entries (id, reference_code, title, canonical_text_excerpt, simplified_summary, edition, topic_notes, is_active) VALUES ('9bbe775a-9c72-4af9-abf1-118399c7ebdc', '220.82', 'Optional Dwelling Calculation', NULL, 'Provides the optional calculation method for dwelling-unit services and feeders.', 'National core; verify adopted cycle', NULL, TRUE);
INSERT INTO nec_entries (id, reference_code, title, canonical_text_excerpt, simplified_summary, edition, topic_notes, is_active) VALUES ('fbba58e7-d2fd-41b0-8336-68f48c9ef30a', '230.42', 'Service Conductors', NULL, 'Covers minimum ampacity requirements for service conductors.', 'National core; verify adopted cycle', NULL, TRUE);
INSERT INTO nec_entries (id, reference_code, title, canonical_text_excerpt, simplified_summary, edition, topic_notes, is_active) VALUES ('1c14a728-51b4-4b13-81a3-f8d1c9227308', '250.24', 'Service Grounding and Bonding', NULL, 'Explains grounding and bonding rules at the service disconnecting means.', 'National core; verify adopted cycle', NULL, TRUE);
INSERT INTO nec_entries (id, reference_code, title, canonical_text_excerpt, simplified_summary, edition, topic_notes, is_active) VALUES ('b4a602a1-4be3-473a-80a1-f39e76838b08', '250.32', 'Buildings or Structures Supplied by a Feeder', NULL, 'Gives grounding and bonding rules for separate buildings or structures.', 'National core; verify adopted cycle', NULL, TRUE);
INSERT INTO nec_entries (id, reference_code, title, canonical_text_excerpt, simplified_summary, edition, topic_notes, is_active) VALUES ('5f111757-f75a-4520-ae97-9755c50e5dfc', '250.50', 'Grounding Electrode System', NULL, 'Requires available electrodes to be bonded together into one grounding electrode system.', 'National core; verify adopted cycle', NULL, TRUE);
INSERT INTO nec_entries (id, reference_code, title, canonical_text_excerpt, simplified_summary, edition, topic_notes, is_active) VALUES ('88d78621-5233-4bdc-a478-056b1b58c533', '250.66', 'Grounding Electrode Conductor Sizing', NULL, 'Provides sizing rules for grounding electrode conductors.', 'National core; verify adopted cycle', NULL, TRUE);
INSERT INTO nec_entries (id, reference_code, title, canonical_text_excerpt, simplified_summary, edition, topic_notes, is_active) VALUES ('00649fc1-9177-4fc7-b9ca-d1b29c91ef46', '300.11', 'Securing and Supporting', NULL, 'Requires raceways, cable assemblies, and boxes to be secured and supported correctly.', 'National core; verify adopted cycle', NULL, TRUE);
INSERT INTO nec_entries (id, reference_code, title, canonical_text_excerpt, simplified_summary, edition, topic_notes, is_active) VALUES ('911037c8-20c2-4072-ad27-876c69eca05f', '310.14', 'Ampacity Selection', NULL, 'Directs users to choose conductor ampacity using the applicable tables and conditions of use.', 'National core; verify adopted cycle', NULL, TRUE);
INSERT INTO nec_entries (id, reference_code, title, canonical_text_excerpt, simplified_summary, edition, topic_notes, is_active) VALUES ('c9adfb7c-60d5-4d6c-8dbe-9ce25bb32ad8', '310.16', 'Ampacity Table', NULL, 'Lists allowable ampacities for insulated conductors under stated conditions.', 'National core; verify adopted cycle', NULL, TRUE);
INSERT INTO nec_entries (id, reference_code, title, canonical_text_excerpt, simplified_summary, edition, topic_notes, is_active) VALUES ('df660e7e-8db1-493d-bcc1-7be2c8651aca', '314.16', 'Box Fill', NULL, 'Provides box-volume calculations based on conductors, devices, fittings, and grounds.', 'National core; verify adopted cycle', NULL, TRUE);
INSERT INTO nec_entries (id, reference_code, title, canonical_text_excerpt, simplified_summary, edition, topic_notes, is_active) VALUES ('d64cca87-cdc7-496a-b8fa-d49dfed3dfbc', '430.22', 'Motor Circuit Conductors', NULL, 'Requires motor branch-circuit conductors to be sized from motor full-load current rules.', 'National core; verify adopted cycle', NULL, TRUE);
INSERT INTO nec_entries (id, reference_code, title, canonical_text_excerpt, simplified_summary, edition, topic_notes, is_active) VALUES ('7d4eae9a-d4bb-4e94-a532-5822c8a25ccf', '430.32', 'Motor Overload Protection', NULL, 'Covers motor overload protection sizing and settings.', 'National core; verify adopted cycle', NULL, TRUE);
INSERT INTO nec_entries (id, reference_code, title, canonical_text_excerpt, simplified_summary, edition, topic_notes, is_active) VALUES ('9bfd17f0-7675-4cd4-9449-93d7fb4f01a7', '430.52', 'Short-Circuit and Ground-Fault Protection', NULL, 'Gives maximum ratings for motor branch-circuit short-circuit and ground-fault protection.', 'National core; verify adopted cycle', NULL, TRUE);
INSERT INTO nec_entries (id, reference_code, title, canonical_text_excerpt, simplified_summary, edition, topic_notes, is_active) VALUES ('00ee4b39-6f71-468d-ad81-f7991bb0f9e6', '500.5', 'Classifications of Hazardous Locations', NULL, 'Defines how hazardous locations are classified by class, division, and zone.', 'National core; verify adopted cycle', NULL, TRUE);
INSERT INTO nec_entries (id, reference_code, title, canonical_text_excerpt, simplified_summary, edition, topic_notes, is_active) VALUES ('a1238534-1ba5-4772-8e2a-4e82e4d842d8', '500.7', 'Protection Techniques', NULL, 'Lists protection techniques used for equipment in hazardous locations.', 'National core; verify adopted cycle', NULL, TRUE);
INSERT INTO nec_entries (id, reference_code, title, canonical_text_excerpt, simplified_summary, edition, topic_notes, is_active) VALUES ('1412e148-ef07-4c20-88ac-08657c502b57', '501.10', 'Wiring Methods', NULL, 'Covers permitted wiring methods in Class I locations.', 'National core; verify adopted cycle', NULL, TRUE);
INSERT INTO nec_entries (id, reference_code, title, canonical_text_excerpt, simplified_summary, edition, topic_notes, is_active) VALUES ('30e10c0a-1f98-449d-a19c-4e9db0be9498', '501.125', 'Motors', NULL, 'Provides motor requirements for Class I hazardous locations.', 'National core; verify adopted cycle', NULL, TRUE);
INSERT INTO nec_entries (id, reference_code, title, canonical_text_excerpt, simplified_summary, edition, topic_notes, is_active) VALUES ('d3035872-4a90-4cd8-8326-edbd35e17d02', '501.15', 'Sealing and Drainage', NULL, 'Explains sealing fitting rules used to control gases, vapors, and pressure.', 'National core; verify adopted cycle', NULL, TRUE);
INSERT INTO nec_entries (id, reference_code, title, canonical_text_excerpt, simplified_summary, edition, topic_notes, is_active) VALUES ('7912ee0b-85ce-40b8-b38a-9ed3015b2f45', '502.10', 'Class II Wiring Methods', NULL, 'Covers wiring methods in Class II locations where combustible dust is present.', 'National core; verify adopted cycle', NULL, TRUE);
INSERT INTO nec_entries (id, reference_code, title, canonical_text_excerpt, simplified_summary, edition, topic_notes, is_active) VALUES ('b5ffd758-06f4-4928-b299-5bd744db59c3', '505.9', 'Zone 0, 1, and 2 Equipment', NULL, 'Addresses equipment permitted in classified zone locations.', 'National core; verify adopted cycle', NULL, TRUE);
INSERT INTO nec_entries (id, reference_code, title, canonical_text_excerpt, simplified_summary, edition, topic_notes, is_active) VALUES ('498223da-d9bd-40de-a07b-ecbad9377dc3', '90.1', 'Purpose', NULL, 'Explains the practical purpose of the NEC and its role in safeguarding people and property.', 'National core; verify adopted cycle', NULL, TRUE);
INSERT INTO nec_entries (id, reference_code, title, canonical_text_excerpt, simplified_summary, edition, topic_notes, is_active) VALUES ('9461e604-dd56-4db1-8f3c-a7f29bbcb9a8', '90.3', 'Code Arrangement', NULL, 'Shows how general rules interact with specific rules and why special chapters can modify the earlier chapters.', 'National core; verify adopted cycle', NULL, TRUE);
INSERT INTO nec_entries (id, reference_code, title, canonical_text_excerpt, simplified_summary, edition, topic_notes, is_active) VALUES ('7b5144a0-4b7c-4db6-89b7-65667d3c1f55', '90.4', 'Enforcement', NULL, 'Addresses interpretation and enforcement by the authority having jurisdiction.', 'National core; verify adopted cycle', NULL, TRUE);
INSERT INTO nec_entries (id, reference_code, title, canonical_text_excerpt, simplified_summary, edition, topic_notes, is_active) VALUES ('7544eff1-0095-4d37-9994-62b38f0806e5', 'Annex D', 'Examples', NULL, 'Contains informative calculation examples that help users practice NEC problem solving.', 'National core; verify adopted cycle', NULL, TRUE);
INSERT INTO nec_entries (id, reference_code, title, canonical_text_excerpt, simplified_summary, edition, topic_notes, is_active) VALUES ('68143468-c273-4ad9-8501-f9f6f8e2d72e', 'Article 100', 'Definitions', NULL, 'Holds defined terms used throughout the NEC and is a frequent starting point for code lookup.', 'National core; verify adopted cycle', NULL, TRUE);
INSERT INTO nec_search_index (id, nec_entry_id, search_text) VALUES ('d5ad46fe-ab99-4bcf-b442-0f298f32b5d2', '270e5bb0-3145-4b22-a13d-cafaff6322f9', '110.1 Scope Introduces the general requirements that apply to electrical installations and equipment.');
INSERT INTO nec_search_index (id, nec_entry_id, search_text) VALUES ('c1446de4-7496-4374-90c1-b6c2d0f7a02b', '93c9a873-e535-4561-8448-67c2aaabad8d', '110.2 Approval Requires equipment and conductors to be acceptable to the authority having jurisdiction.');
INSERT INTO nec_search_index (id, nec_entry_id, search_text) VALUES ('007407fe-fd32-474f-82d1-ce46b1541d0d', 'c3a36319-8ed5-4d85-8241-1079468aa48b', '110.26 Spaces About Electrical Equipment Covers working-space, access, and dedicated-space rules around electrical equipment.');
INSERT INTO nec_search_index (id, nec_entry_id, search_text) VALUES ('5613d5f8-cc03-46b1-850b-92cda3b6bfde', 'e726b731-00b8-4db4-a405-c73d7f098164', '110.27 Guarding of Live Parts Requires live parts to be guarded against accidental contact.');
INSERT INTO nec_search_index (id, nec_entry_id, search_text) VALUES ('35502419-cc5d-48ed-996f-3602a788a604', '84080d92-f90f-4e68-ba06-357c33c4201d', '110.3(B) Installation and Use Requires listed or labeled equipment to be installed and used according to its instructions.');
INSERT INTO nec_search_index (id, nec_entry_id, search_text) VALUES ('a616df72-0a9f-42d7-b862-ea2c4f0e4708', 'b0d52ce9-236a-49c8-a8d6-eed66d9ec0c7', '110.4 Voltages Addresses voltage considerations that affect installation and equipment application.');
INSERT INTO nec_search_index (id, nec_entry_id, search_text) VALUES ('4f6ce5f0-22f5-45bf-9968-fd609afce774', '709fab09-b172-4df8-84af-da9c19ca7e68', '210.11 Branch Circuits Required Identifies required dwelling-unit branch circuits such as small-appliance, laundry, and bathroom circuits.');
INSERT INTO nec_search_index (id, nec_entry_id, search_text) VALUES ('10c5f3bc-f0d4-440f-a3ab-193a795ffc98', 'ec1a6935-fdc7-4284-a868-5e8161bc3d34', '210.19(A)(1) Branch-Circuit Conductor Sizing Sets minimum conductor ampacity for branch circuits and continuous loads.');
INSERT INTO nec_search_index (id, nec_entry_id, search_text) VALUES ('a6b9c05c-13a9-457b-8b73-27fd8f79b2c3', '73d5785a-2c3b-4668-abdb-5519a8845541', '210.20(A) Overcurrent Protection Requires branch-circuit overcurrent devices to be sized for noncontinuous and continuous loads.');
INSERT INTO nec_search_index (id, nec_entry_id, search_text) VALUES ('aca55139-3d7a-4403-8447-e15466441ca9', '567ad3a7-e8cf-4dfe-b8d1-5b8dd44a5057', '210.52 Dwelling Receptacle Requirements Sets receptacle placement rules for dwelling-unit wall spaces and special areas.');
INSERT INTO nec_search_index (id, nec_entry_id, search_text) VALUES ('3d6a3956-e681-404f-85c1-50bcf1669209', 'e5b0aa00-e377-4919-abc3-d854989c14c7', '215.2 Feeder Conductor Sizing Covers minimum ampacity requirements for feeder conductors.');
INSERT INTO nec_search_index (id, nec_entry_id, search_text) VALUES ('712e3314-d1e6-4825-bf5c-25eb00394df4', 'e5056d07-404a-407f-b4c1-de9a0dec32f2', '215.3 Feeder Overcurrent Protection Requires feeder overcurrent devices to be sized for continuous and noncontinuous loads.');
INSERT INTO nec_search_index (id, nec_entry_id, search_text) VALUES ('88da90c7-dd8b-44fb-b283-74180ab7fcf1', 'eb94edf1-ea4a-447a-a449-dba662a158ab', '220.40 General Calculation Methods States that branch-circuit, feeder, and service calculations use the rules in Article 220.');
INSERT INTO nec_search_index (id, nec_entry_id, search_text) VALUES ('e55cc3a9-63ed-424e-9056-b9b976d38a15', '1682753c-a00d-4f9e-9213-f0a5960f5a21', '220.42 Lighting Load Demand Factors Provides demand factors for lighting loads used in building calculations.');
INSERT INTO nec_search_index (id, nec_entry_id, search_text) VALUES ('833f52a0-0c52-4cd7-a52e-7737996b384c', 'c90efb50-6f29-459c-8613-18f27193283e', '220.44 Receptacle Load Demand Factors Allows demand factors for certain receptacle loads in feeder and service calculations.');
INSERT INTO nec_search_index (id, nec_entry_id, search_text) VALUES ('b51b5642-def8-4d54-86ba-6d3972ba4695', '5d76f68d-e585-412e-886e-72a2d8c2efa5', '220.50 Motor Loads Requires the motor load to be based on the largest motor plus other applicable loads.');
INSERT INTO nec_search_index (id, nec_entry_id, search_text) VALUES ('515d70f6-5ed2-4767-be4a-47322327cf0c', '7775d670-1814-4dbc-9dee-04f97bd473e8', '220.53 Appliance Demand Factors Allows demand factors for fastened-in-place appliances when the conditions are met.');
INSERT INTO nec_search_index (id, nec_entry_id, search_text) VALUES ('ffb97b78-73ce-4794-b208-ca4745407c9b', '5affc1ff-8f5a-40dc-9336-12ea85ed4098', '220.54 Electric Clothes Dryers Provides load rules for household electric clothes dryers.');
INSERT INTO nec_search_index (id, nec_entry_id, search_text) VALUES ('23d0a7f1-92c5-4a0e-8b06-6f248fb07562', 'd8c65353-6372-4883-8085-1fb3be9a44e5', '220.60 Noncoincident Loads Allows only the larger of two loads when it is clear they will not operate at the same time.');
INSERT INTO nec_search_index (id, nec_entry_id, search_text) VALUES ('4bfb54e5-f41a-43b8-bf80-9448b92e4232', '9bbe775a-9c72-4af9-abf1-118399c7ebdc', '220.82 Optional Dwelling Calculation Provides the optional calculation method for dwelling-unit services and feeders.');
INSERT INTO nec_search_index (id, nec_entry_id, search_text) VALUES ('b212ece4-830c-4a6c-bf81-4aec6b143da7', 'fbba58e7-d2fd-41b0-8336-68f48c9ef30a', '230.42 Service Conductors Covers minimum ampacity requirements for service conductors.');
INSERT INTO nec_search_index (id, nec_entry_id, search_text) VALUES ('26e60a1e-c565-4f39-b9db-304cd8947238', '1c14a728-51b4-4b13-81a3-f8d1c9227308', '250.24 Service Grounding and Bonding Explains grounding and bonding rules at the service disconnecting means.');
INSERT INTO nec_search_index (id, nec_entry_id, search_text) VALUES ('3085964e-c9ec-48b1-9a37-018f63ad836e', 'b4a602a1-4be3-473a-80a1-f39e76838b08', '250.32 Buildings or Structures Supplied by a Feeder Gives grounding and bonding rules for separate buildings or structures.');
INSERT INTO nec_search_index (id, nec_entry_id, search_text) VALUES ('cf7d4544-872b-4003-823c-7ae166be925f', '5f111757-f75a-4520-ae97-9755c50e5dfc', '250.50 Grounding Electrode System Requires available electrodes to be bonded together into one grounding electrode system.');
INSERT INTO nec_search_index (id, nec_entry_id, search_text) VALUES ('37e5697b-c539-4f42-b484-0e93be214ec5', '88d78621-5233-4bdc-a478-056b1b58c533', '250.66 Grounding Electrode Conductor Sizing Provides sizing rules for grounding electrode conductors.');
INSERT INTO nec_search_index (id, nec_entry_id, search_text) VALUES ('4b61a2cf-6395-4467-b057-d232d5f9af94', '00649fc1-9177-4fc7-b9ca-d1b29c91ef46', '300.11 Securing and Supporting Requires raceways, cable assemblies, and boxes to be secured and supported correctly.');
INSERT INTO nec_search_index (id, nec_entry_id, search_text) VALUES ('f1eeebc4-634d-40b5-8f6c-3c173a579d9f', '911037c8-20c2-4072-ad27-876c69eca05f', '310.14 Ampacity Selection Directs users to choose conductor ampacity using the applicable tables and conditions of use.');
INSERT INTO nec_search_index (id, nec_entry_id, search_text) VALUES ('c78e5746-6c27-486e-9b71-5278b6ee2eda', 'c9adfb7c-60d5-4d6c-8dbe-9ce25bb32ad8', '310.16 Ampacity Table Lists allowable ampacities for insulated conductors under stated conditions.');
INSERT INTO nec_search_index (id, nec_entry_id, search_text) VALUES ('0d9e3c04-f896-4b66-afa4-426c1b0dfc90', 'df660e7e-8db1-493d-bcc1-7be2c8651aca', '314.16 Box Fill Provides box-volume calculations based on conductors, devices, fittings, and grounds.');
INSERT INTO nec_search_index (id, nec_entry_id, search_text) VALUES ('d83c64dc-6f30-4d1e-9672-1077b78cffd0', 'd64cca87-cdc7-496a-b8fa-d49dfed3dfbc', '430.22 Motor Circuit Conductors Requires motor branch-circuit conductors to be sized from motor full-load current rules.');
INSERT INTO nec_search_index (id, nec_entry_id, search_text) VALUES ('3a6fd7c4-c6d1-45ee-9f02-88cd5a1c0d44', '7d4eae9a-d4bb-4e94-a532-5822c8a25ccf', '430.32 Motor Overload Protection Covers motor overload protection sizing and settings.');
INSERT INTO nec_search_index (id, nec_entry_id, search_text) VALUES ('62566bb2-e682-4905-8642-73bf857381a6', '9bfd17f0-7675-4cd4-9449-93d7fb4f01a7', '430.52 Short-Circuit and Ground-Fault Protection Gives maximum ratings for motor branch-circuit short-circuit and ground-fault protection.');
INSERT INTO nec_search_index (id, nec_entry_id, search_text) VALUES ('590b7e53-2497-40c4-aad5-6d7388ae28b7', '00ee4b39-6f71-468d-ad81-f7991bb0f9e6', '500.5 Classifications of Hazardous Locations Defines how hazardous locations are classified by class, division, and zone.');
INSERT INTO nec_search_index (id, nec_entry_id, search_text) VALUES ('85d144ba-476d-4cce-9e0e-815f71d5203a', 'a1238534-1ba5-4772-8e2a-4e82e4d842d8', '500.7 Protection Techniques Lists protection techniques used for equipment in hazardous locations.');
INSERT INTO nec_search_index (id, nec_entry_id, search_text) VALUES ('47dcef03-db34-43e7-96c8-2ea327887214', '1412e148-ef07-4c20-88ac-08657c502b57', '501.10 Wiring Methods Covers permitted wiring methods in Class I locations.');
INSERT INTO nec_search_index (id, nec_entry_id, search_text) VALUES ('d0431071-3436-4dc0-b8fd-6b8962b0fa07', '30e10c0a-1f98-449d-a19c-4e9db0be9498', '501.125 Motors Provides motor requirements for Class I hazardous locations.');
INSERT INTO nec_search_index (id, nec_entry_id, search_text) VALUES ('6bcd38f3-4b15-4c69-96a5-d4e61c112276', 'd3035872-4a90-4cd8-8326-edbd35e17d02', '501.15 Sealing and Drainage Explains sealing fitting rules used to control gases, vapors, and pressure.');
INSERT INTO nec_search_index (id, nec_entry_id, search_text) VALUES ('6df273ba-bdf4-4337-a86b-8f54ccda4294', '7912ee0b-85ce-40b8-b38a-9ed3015b2f45', '502.10 Class II Wiring Methods Covers wiring methods in Class II locations where combustible dust is present.');
INSERT INTO nec_search_index (id, nec_entry_id, search_text) VALUES ('83dc151f-9838-483c-95c7-e3cf26fa8501', 'b5ffd758-06f4-4928-b299-5bd744db59c3', '505.9 Zone 0, 1, and 2 Equipment Addresses equipment permitted in classified zone locations.');
INSERT INTO nec_search_index (id, nec_entry_id, search_text) VALUES ('e4c60989-1b26-4380-b926-74d30ac31b17', '498223da-d9bd-40de-a07b-ecbad9377dc3', '90.1 Purpose Explains the practical purpose of the NEC and its role in safeguarding people and property.');
INSERT INTO nec_search_index (id, nec_entry_id, search_text) VALUES ('de373a83-c3a2-419c-9897-3b053a9c8a4d', '9461e604-dd56-4db1-8f3c-a7f29bbcb9a8', '90.3 Code Arrangement Shows how general rules interact with specific rules and why special chapters can modify the earlier chapters.');
INSERT INTO nec_search_index (id, nec_entry_id, search_text) VALUES ('41c4efd4-28e7-4ad5-bad7-b57f13885f32', '7b5144a0-4b7c-4db6-89b7-65667d3c1f55', '90.4 Enforcement Addresses interpretation and enforcement by the authority having jurisdiction.');
INSERT INTO nec_search_index (id, nec_entry_id, search_text) VALUES ('62ffcbb5-392f-44a3-af7c-f386df89aa63', '7544eff1-0095-4d37-9994-62b38f0806e5', 'Annex D Examples Contains informative calculation examples that help users practice NEC problem solving.');
INSERT INTO nec_search_index (id, nec_entry_id, search_text) VALUES ('d05c02c7-795a-4298-98f4-ff2c38c9c6dd', '68143468-c273-4ad9-8501-f9f6f8e2d72e', 'Article 100 Definitions Holds defined terms used throughout the NEC and is a frequent starting point for code lookup.');
INSERT INTO lesson_nec_references (lesson_id, nec_entry_id, display_order, context_note) VALUES ('17f22a38-65fd-490d-a693-7959af870f49', '68143468-c273-4ad9-8501-f9f6f8e2d72e', 0, NULL);
INSERT INTO lesson_nec_references (lesson_id, nec_entry_id, display_order, context_note) VALUES ('99d41b80-62a0-471b-9879-4c7028a68acd', '68143468-c273-4ad9-8501-f9f6f8e2d72e', 0, NULL);
INSERT INTO lesson_nec_references (lesson_id, nec_entry_id, display_order, context_note) VALUES ('c167d77b-7b7b-44eb-a685-6cf54598948e', '84080d92-f90f-4e68-ba06-357c33c4201d', 0, NULL);
INSERT INTO lesson_nec_references (lesson_id, nec_entry_id, display_order, context_note) VALUES ('c167d77b-7b7b-44eb-a685-6cf54598948e', 'c3a36319-8ed5-4d85-8241-1079468aa48b', 1, NULL);
INSERT INTO lesson_nec_references (lesson_id, nec_entry_id, display_order, context_note) VALUES ('7fd6f5b0-c144-4be6-b93c-af2021f07ad9', 'b0d52ce9-236a-49c8-a8d6-eed66d9ec0c7', 0, NULL);
INSERT INTO lesson_nec_references (lesson_id, nec_entry_id, display_order, context_note) VALUES ('7fd6f5b0-c144-4be6-b93c-af2021f07ad9', 'e726b731-00b8-4db4-a405-c73d7f098164', 1, NULL);
INSERT INTO lesson_nec_references (lesson_id, nec_entry_id, display_order, context_note) VALUES ('222483b9-7334-4522-bedb-2a293728377c', '498223da-d9bd-40de-a07b-ecbad9377dc3', 0, NULL);
INSERT INTO lesson_nec_references (lesson_id, nec_entry_id, display_order, context_note) VALUES ('222483b9-7334-4522-bedb-2a293728377c', '9461e604-dd56-4db1-8f3c-a7f29bbcb9a8', 1, NULL);
INSERT INTO lesson_nec_references (lesson_id, nec_entry_id, display_order, context_note) VALUES ('222483b9-7334-4522-bedb-2a293728377c', '68143468-c273-4ad9-8501-f9f6f8e2d72e', 2, NULL);
INSERT INTO lesson_nec_references (lesson_id, nec_entry_id, display_order, context_note) VALUES ('2be6d8d4-ff37-4d29-a935-bca89d99ff50', '9461e604-dd56-4db1-8f3c-a7f29bbcb9a8', 0, NULL);
INSERT INTO lesson_nec_references (lesson_id, nec_entry_id, display_order, context_note) VALUES ('2be6d8d4-ff37-4d29-a935-bca89d99ff50', '68143468-c273-4ad9-8501-f9f6f8e2d72e', 1, NULL);
INSERT INTO lesson_nec_references (lesson_id, nec_entry_id, display_order, context_note) VALUES ('2be6d8d4-ff37-4d29-a935-bca89d99ff50', '270e5bb0-3145-4b22-a13d-cafaff6322f9', 2, NULL);
INSERT INTO lesson_nec_references (lesson_id, nec_entry_id, display_order, context_note) VALUES ('2be6d8d4-ff37-4d29-a935-bca89d99ff50', '84080d92-f90f-4e68-ba06-357c33c4201d', 3, NULL);
INSERT INTO lesson_nec_references (lesson_id, nec_entry_id, display_order, context_note) VALUES ('2be6d8d4-ff37-4d29-a935-bca89d99ff50', 'c3a36319-8ed5-4d85-8241-1079468aa48b', 4, NULL);
INSERT INTO lesson_nec_references (lesson_id, nec_entry_id, display_order, context_note) VALUES ('e7f99f77-30e4-464e-9ede-d016be784019', '00649fc1-9177-4fc7-b9ca-d1b29c91ef46', 0, NULL);
INSERT INTO lesson_nec_references (lesson_id, nec_entry_id, display_order, context_note) VALUES ('e7f99f77-30e4-464e-9ede-d016be784019', 'df660e7e-8db1-493d-bcc1-7be2c8651aca', 1, NULL);
INSERT INTO lesson_nec_references (lesson_id, nec_entry_id, display_order, context_note) VALUES ('a634384e-cd8a-4305-acc1-7001313e16c9', '911037c8-20c2-4072-ad27-876c69eca05f', 0, NULL);
INSERT INTO lesson_nec_references (lesson_id, nec_entry_id, display_order, context_note) VALUES ('a634384e-cd8a-4305-acc1-7001313e16c9', 'c9adfb7c-60d5-4d6c-8dbe-9ce25bb32ad8', 1, NULL);
INSERT INTO lesson_nec_references (lesson_id, nec_entry_id, display_order, context_note) VALUES ('40f011ac-7be9-4e37-bd7c-91607a241a3e', '9461e604-dd56-4db1-8f3c-a7f29bbcb9a8', 0, NULL);
INSERT INTO lesson_nec_references (lesson_id, nec_entry_id, display_order, context_note) VALUES ('40f011ac-7be9-4e37-bd7c-91607a241a3e', '93c9a873-e535-4561-8448-67c2aaabad8d', 1, NULL);
INSERT INTO lesson_nec_references (lesson_id, nec_entry_id, display_order, context_note) VALUES ('dd2810b6-f800-413a-b5d8-1dc15de2bab0', '68143468-c273-4ad9-8501-f9f6f8e2d72e', 0, NULL);
INSERT INTO lesson_nec_references (lesson_id, nec_entry_id, display_order, context_note) VALUES ('dd2810b6-f800-413a-b5d8-1dc15de2bab0', '7544eff1-0095-4d37-9994-62b38f0806e5', 1, NULL);
INSERT INTO lesson_nec_references (lesson_id, nec_entry_id, display_order, context_note) VALUES ('38a5b1ac-e91d-491f-b720-75c70d567b19', '68143468-c273-4ad9-8501-f9f6f8e2d72e', 0, NULL);
INSERT INTO lesson_nec_references (lesson_id, nec_entry_id, display_order, context_note) VALUES ('38a5b1ac-e91d-491f-b720-75c70d567b19', 'ec1a6935-fdc7-4284-a868-5e8161bc3d34', 1, NULL);
INSERT INTO lesson_nec_references (lesson_id, nec_entry_id, display_order, context_note) VALUES ('38a5b1ac-e91d-491f-b720-75c70d567b19', '73d5785a-2c3b-4668-abdb-5519a8845541', 2, NULL);
INSERT INTO lesson_nec_references (lesson_id, nec_entry_id, display_order, context_note) VALUES ('38a5b1ac-e91d-491f-b720-75c70d567b19', 'e5b0aa00-e377-4919-abc3-d854989c14c7', 3, NULL);
INSERT INTO lesson_nec_references (lesson_id, nec_entry_id, display_order, context_note) VALUES ('38a5b1ac-e91d-491f-b720-75c70d567b19', 'e5056d07-404a-407f-b4c1-de9a0dec32f2', 4, NULL);
INSERT INTO lesson_nec_references (lesson_id, nec_entry_id, display_order, context_note) VALUES ('38a5b1ac-e91d-491f-b720-75c70d567b19', 'eb94edf1-ea4a-447a-a449-dba662a158ab', 5, NULL);
INSERT INTO lesson_nec_references (lesson_id, nec_entry_id, display_order, context_note) VALUES ('59716e7a-bab8-43b2-9c07-1d2cd724f02e', '709fab09-b172-4df8-84af-da9c19ca7e68', 0, NULL);
INSERT INTO lesson_nec_references (lesson_id, nec_entry_id, display_order, context_note) VALUES ('59716e7a-bab8-43b2-9c07-1d2cd724f02e', '567ad3a7-e8cf-4dfe-b8d1-5b8dd44a5057', 1, NULL);
INSERT INTO lesson_nec_references (lesson_id, nec_entry_id, display_order, context_note) VALUES ('71144249-a131-40b6-b7ce-33ff65c69919', '1c14a728-51b4-4b13-81a3-f8d1c9227308', 0, NULL);
INSERT INTO lesson_nec_references (lesson_id, nec_entry_id, display_order, context_note) VALUES ('71144249-a131-40b6-b7ce-33ff65c69919', 'b4a602a1-4be3-473a-80a1-f39e76838b08', 1, NULL);
INSERT INTO lesson_nec_references (lesson_id, nec_entry_id, display_order, context_note) VALUES ('71144249-a131-40b6-b7ce-33ff65c69919', '5f111757-f75a-4520-ae97-9755c50e5dfc', 2, NULL);
INSERT INTO lesson_nec_references (lesson_id, nec_entry_id, display_order, context_note) VALUES ('0c6b6af9-e148-435c-a9ee-82726bfb398b', '5f111757-f75a-4520-ae97-9755c50e5dfc', 0, NULL);
INSERT INTO lesson_nec_references (lesson_id, nec_entry_id, display_order, context_note) VALUES ('0c6b6af9-e148-435c-a9ee-82726bfb398b', '88d78621-5233-4bdc-a478-056b1b58c533', 1, NULL);
INSERT INTO lesson_nec_references (lesson_id, nec_entry_id, display_order, context_note) VALUES ('dcc853e2-a68b-4707-9e4c-a2c62da7ebb1', 'd64cca87-cdc7-496a-b8fa-d49dfed3dfbc', 0, NULL);
INSERT INTO lesson_nec_references (lesson_id, nec_entry_id, display_order, context_note) VALUES ('dcc853e2-a68b-4707-9e4c-a2c62da7ebb1', '7d4eae9a-d4bb-4e94-a532-5822c8a25ccf', 1, NULL);
INSERT INTO lesson_nec_references (lesson_id, nec_entry_id, display_order, context_note) VALUES ('ed52a359-658b-433e-bba4-0680bf829ff9', '9bfd17f0-7675-4cd4-9449-93d7fb4f01a7', 0, NULL);
INSERT INTO lesson_nec_references (lesson_id, nec_entry_id, display_order, context_note) VALUES ('a54341a4-d901-4ad6-8a4b-a2a943a71bd4', 'eb94edf1-ea4a-447a-a449-dba662a158ab', 0, NULL);
INSERT INTO lesson_nec_references (lesson_id, nec_entry_id, display_order, context_note) VALUES ('a54341a4-d901-4ad6-8a4b-a2a943a71bd4', 'fbba58e7-d2fd-41b0-8336-68f48c9ef30a', 1, NULL);
INSERT INTO lesson_nec_references (lesson_id, nec_entry_id, display_order, context_note) VALUES ('0f92cda0-eff0-42b8-bcb2-1bea9d0f13bc', '1682753c-a00d-4f9e-9213-f0a5960f5a21', 0, NULL);
INSERT INTO lesson_nec_references (lesson_id, nec_entry_id, display_order, context_note) VALUES ('0f92cda0-eff0-42b8-bcb2-1bea9d0f13bc', 'c9adfb7c-60d5-4d6c-8dbe-9ce25bb32ad8', 1, NULL);
INSERT INTO lesson_nec_references (lesson_id, nec_entry_id, display_order, context_note) VALUES ('fa82e6c5-799d-4610-a465-cdf06f82724b', '7775d670-1814-4dbc-9dee-04f97bd473e8', 0, NULL);
INSERT INTO lesson_nec_references (lesson_id, nec_entry_id, display_order, context_note) VALUES ('fa82e6c5-799d-4610-a465-cdf06f82724b', '5affc1ff-8f5a-40dc-9336-12ea85ed4098', 1, NULL);
INSERT INTO lesson_nec_references (lesson_id, nec_entry_id, display_order, context_note) VALUES ('fa82e6c5-799d-4610-a465-cdf06f82724b', 'd8c65353-6372-4883-8085-1fb3be9a44e5', 2, NULL);
INSERT INTO lesson_nec_references (lesson_id, nec_entry_id, display_order, context_note) VALUES ('fa82e6c5-799d-4610-a465-cdf06f82724b', '9bbe775a-9c72-4af9-abf1-118399c7ebdc', 3, NULL);
INSERT INTO lesson_nec_references (lesson_id, nec_entry_id, display_order, context_note) VALUES ('fa82e6c5-799d-4610-a465-cdf06f82724b', 'fbba58e7-d2fd-41b0-8336-68f48c9ef30a', 4, NULL);
INSERT INTO lesson_nec_references (lesson_id, nec_entry_id, display_order, context_note) VALUES ('fa82e6c5-799d-4610-a465-cdf06f82724b', 'c9adfb7c-60d5-4d6c-8dbe-9ce25bb32ad8', 5, NULL);
INSERT INTO lesson_nec_references (lesson_id, nec_entry_id, display_order, context_note) VALUES ('e0b1e379-a058-4bf9-970c-225a755f9a07', 'c90efb50-6f29-459c-8613-18f27193283e', 0, NULL);
INSERT INTO lesson_nec_references (lesson_id, nec_entry_id, display_order, context_note) VALUES ('e0b1e379-a058-4bf9-970c-225a755f9a07', '5d76f68d-e585-412e-886e-72a2d8c2efa5', 1, NULL);
INSERT INTO lesson_nec_references (lesson_id, nec_entry_id, display_order, context_note) VALUES ('e0b1e379-a058-4bf9-970c-225a755f9a07', 'e5b0aa00-e377-4919-abc3-d854989c14c7', 2, NULL);
INSERT INTO lesson_nec_references (lesson_id, nec_entry_id, display_order, context_note) VALUES ('e4a8125f-68c4-4d24-b811-6de74f9aa85b', '00ee4b39-6f71-468d-ad81-f7991bb0f9e6', 0, NULL);
INSERT INTO lesson_nec_references (lesson_id, nec_entry_id, display_order, context_note) VALUES ('e4a8125f-68c4-4d24-b811-6de74f9aa85b', 'a1238534-1ba5-4772-8e2a-4e82e4d842d8', 1, NULL);
INSERT INTO lesson_nec_references (lesson_id, nec_entry_id, display_order, context_note) VALUES ('e4a8125f-68c4-4d24-b811-6de74f9aa85b', '1412e148-ef07-4c20-88ac-08657c502b57', 2, NULL);
INSERT INTO lesson_nec_references (lesson_id, nec_entry_id, display_order, context_note) VALUES ('e4a8125f-68c4-4d24-b811-6de74f9aa85b', 'd3035872-4a90-4cd8-8326-edbd35e17d02', 3, NULL);
INSERT INTO lesson_nec_references (lesson_id, nec_entry_id, display_order, context_note) VALUES ('e4a8125f-68c4-4d24-b811-6de74f9aa85b', '30e10c0a-1f98-449d-a19c-4e9db0be9498', 4, NULL);
INSERT INTO lesson_nec_references (lesson_id, nec_entry_id, display_order, context_note) VALUES ('e4a8125f-68c4-4d24-b811-6de74f9aa85b', '7912ee0b-85ce-40b8-b38a-9ed3015b2f45', 5, NULL);
INSERT INTO lesson_nec_references (lesson_id, nec_entry_id, display_order, context_note) VALUES ('e4a8125f-68c4-4d24-b811-6de74f9aa85b', 'b5ffd758-06f4-4928-b299-5bd744db59c3', 6, NULL);
INSERT INTO lesson_nec_references (lesson_id, nec_entry_id, display_order, context_note) VALUES ('962e1229-3cb3-4e52-853b-e565e4aaf88a', 'd3035872-4a90-4cd8-8326-edbd35e17d02', 0, NULL);
INSERT INTO lesson_nec_references (lesson_id, nec_entry_id, display_order, context_note) VALUES ('962e1229-3cb3-4e52-853b-e565e4aaf88a', '30e10c0a-1f98-449d-a19c-4e9db0be9498', 1, NULL);
INSERT INTO lesson_nec_references (lesson_id, nec_entry_id, display_order, context_note) VALUES ('f1b37758-4019-4b8e-8264-ed5a2a5c798f', '498223da-d9bd-40de-a07b-ecbad9377dc3', 0, NULL);
INSERT INTO lesson_nec_references (lesson_id, nec_entry_id, display_order, context_note) VALUES ('f1b37758-4019-4b8e-8264-ed5a2a5c798f', '9461e604-dd56-4db1-8f3c-a7f29bbcb9a8', 1, NULL);
INSERT INTO lesson_nec_references (lesson_id, nec_entry_id, display_order, context_note) VALUES ('f1b37758-4019-4b8e-8264-ed5a2a5c798f', '68143468-c273-4ad9-8501-f9f6f8e2d72e', 2, NULL);
INSERT INTO lesson_nec_references (lesson_id, nec_entry_id, display_order, context_note) VALUES ('9893a3b5-6c9b-4adb-bb79-5170fb6cf62e', '7b5144a0-4b7c-4db6-89b7-65667d3c1f55', 0, NULL);
INSERT INTO lesson_nec_references (lesson_id, nec_entry_id, display_order, context_note) VALUES ('9893a3b5-6c9b-4adb-bb79-5170fb6cf62e', '93c9a873-e535-4561-8448-67c2aaabad8d', 1, NULL);
INSERT INTO lesson_nec_references (lesson_id, nec_entry_id, display_order, context_note) VALUES ('9893a3b5-6c9b-4adb-bb79-5170fb6cf62e', '84080d92-f90f-4e68-ba06-357c33c4201d', 2, NULL);
COMMIT;
